Article Number,Label,Manufacturer,Size
"1117 159.100.000","Badewanne Alterna ecoform, 180 x 80 x 43 cm, Nutzinhalt 150 Liter, Stahl, Schallisolierung Weiss","Alterna","80 x 43"
"1117 158.100.000","Badewanne Alterna ecoform, 170 x 75 x 41 cm, Nutzinhalt 123 Liter, Stahl, Schallisolierung Weiss","Alterna","75 x 41"
"1117 156.100.000","Badewanne Alterna ecoform, 160 x 75 x 41 cm, Nutzinhalt 107 Liter, Stahl, Schallisolierung Weiss","Alterna","75 x 41"
"1117 155.100.000","Badewanne Alterna ecoform, 160 x 70 x 41 cm, Nutzinhalt 93 Liter, Stahl, Schallisolierung Weiss","Alterna","70 x 41"
"1117 214.100.000","Badewanne Alterna steel duo, 180 x 80 cm, Nutzinhalt 168 Liter, Tiefe 45 cm, Stahl, Schallisolierung Weiss","Alterna","180 x 80"
"1117 215.100.000","Badewanne Alterna steel duo, 190 x 90 cm, Nutzinhalt 228 Liter, Tiefe 45 cm, Stahl, Schallisolierung Weiss","Alterna","190 x 90"
"1117 240.100.000","Badewanne Alterna steel uno, 180 x 80 x 41 cm, Nutzinhalt 171 Liter, Stahl, Schallisolierung Weiss","Alterna","80 x 41"
"1117 239.100.000","Badewanne Alterna steel uno, 170 x 75 x 41 cm, Nutzinhalt 136 Liter, Stahl, Schallisolierung Weiss","Alterna","75 x 41"
"1117 238.100.000","Badewanne Alterna steel uno, 170 x 70 x 41 cm, Nutzinhalt 110 Liter, Stahl, Schallisolierung Weiss","Alterna","70 x 41"
"1117 237.100.000","Badewanne Alterna steel uno, 160 x 70 x 41 cm, Nutzinhalt 107 Liter, Stahl, Schallisolierung Weiss","Alterna","70 x 41"
"1117 207.100.000","Badewanne Alterna steel zero mit zwei Rückenschrägen 170 x 80 cm, Tiefe 42 cm Stahl, Schallisolierung Nutzinhalt 161 Liter Weiss","Alterna","170 x 80"
"1117 209.100.000","Badewanne Alterna steel zero mit zwei Rückenschrägen 190 x 90 cm, Tiefe 42 cm Stahl, Schallisolierung Nutzinhalt 235 Liter Weiss","Alterna","190 x 90"
"1117 208.100.000","Badewanne Alterna steel zero mit zwei Rückenschrägen 180 x 80 cm, Tiefe 42 cm Stahl, Schallisolierung Nutzinhalt 177 Liter Weiss","Alterna","180 x 80"
"1121 534.100.000","Badewanne Alterna wai, 180 x 80 cm, Tiefe 42 cm, Stahl, Schallisolierung,","Alterna","180 x 80"
"1121 533.100.000","Badewanne Alterna wai, 170 x 75 cm, Tiefe 42 cm, Stahl, Schallisolierung,","Alterna","170 x 75"
"1111 112.100.000","Badewanne Schmidlin Norm Classic, 160 x 75 cm, Tiefe 45 cm, Stahl, Schallisolierung Weiss","Schmidlin","160 x 75"
"1111 108.100.000","Badewanne Schmidlin Norm Classic, 180 x 80 cm, Tiefe 45 cm, Stahl, Schallisolierung Weiss","Schmidlin","180 x 80"
"1111 115.100.000","Badewanne Schmidlin Norm Classic, 175 x 70 cm, Tiefe 45 cm, Stahl, Schallisolierung Weiss","Schmidlin","175 x 70"
"1111 116.100.000","Badewanne Schmidlin Norm Classic, 175 x 75 cm, Tiefe 45 cm, Stahl, Schallisolierung Weiss","Schmidlin","175 x 75"
"1111 101.100.000","Badewanne Schmidlin Norm Classic, 140 x 70 cm, Tiefe 44 cm, Stahl, Schallisolierung Weiss","Schmidlin","140 x 70"
"1111 103.100.000","Badewanne Schmidlin Norm Classic, 155 x 70 cm, Tiefe 44 cm, Stahl, Schallisolierung Weiss","Schmidlin","155 x 70"
"1111 110.100.000","Badewanne Schmidlin Norm Classic, 180 x 70 cm, Tiefe 45 cm, Stahl, Schallisolierung Weiss","Schmidlin","180 x 70"
"1111 117.100.000","Badewanne Schmidlin Norm Classic 180 x 75 cm Tiefe 45 cm Schallisolierung, Stahl Weiss","Schmidlin","180 x 75"
"1111 102.100.000","Badewanne Schmidlin Norm Classic, 150 x 70 cm, Tiefe 44 cm, Stahl, Schallisolierung Weiss","Schmidlin","150 x 70"
"1111 111.100.000","Badewanne Schmidlin Norm Classic 170 x 80 Tiefe 45 cm Schallisolierung, Stahl Weiss","Schmidlin","170 x 80"
"1111 105.100.000","Badewanne Schmidlin Norm Classic, 165 x 70 cm, Tiefe 45 cm, Stahl, Schallisolierung Weiss","Schmidlin","165 x 70"
"1111 104.100.000","Badewanne Schmidlin Norm Classic, 160 x 70 cm, Tiefe 45 cm, Stahl, Schallisolierung Weiss","Schmidlin","160 x 70"
"1111 118.100.000","Badewanne Schmidlin Norm Classic 190 x 80 cm Tiefe 45 cm Schallisolierung, Stahl Weiss","Schmidlin","190 x 80"
"1111 107.100.000","Badewanne Schmidlin Norm Classic, 170 x 70 cm, Tiefe 45 cm, Stahl, Schallisolierung Weiss","Schmidlin","170 x 70"
"1111 503.100.000","Badewanne Schmidlin Kombi, 170 x 75 cm, Stahl, Schallisolierung, Tiefe 38 cm Weiss","Schmidlin","170 x 75"
"1111 506.100.000","Badewanne Schmidlin Kombi, 180 x 80 cm, Stahl, Schallisolierung, Tiefe 38 cm Weiss","Schmidlin","180 x 80"
"1111 505.100.000","Badewanne Schmidlin Kombi, 160 x 70 cm, Stahl, Schallisolierung, Tiefe 38 cm Weiss","Schmidlin","160 x 70"
"1111 501.100.000","Badewanne Schmidlin Kombi, 160 x 75 cm, Stahl, Schallisolierung, Tiefe 38 cm Weiss","Schmidlin","160 x 75"
"1111 504.100.000","Badewanne Schmidlin Kombi, 170 x 80 cm, Stahl, Schallisolierung, Tiefe 38 cm Weiss","Schmidlin","170 x 80"
"1111 502.100.000","Badewanne Schmidlin Kombi, 165 x 75 cm, Stahl, Schallisolierung, Tiefe 38 cm Weiss","Schmidlin","165 x 75"
"1111 319.100.000","Badewanne Schmidlin Swiss Line Duo, 180 x 80 cm Tiefe 42 cm Stahl, Schallisolierung Weiss","Schmidlin","180 x 80"
"1111 318.100.000","Badewanne Schmidlin Swiss Line Duo , 170 x 75 cm Tiefe 42 cm Stahl, Schallisolierung Weiss","Schmidlin","170 x 75"
"1117 157.100.000","Badewanne Alterna ecoform, 170 x 70 x 41 cm, Nutzinhalt 111 Liter, Stahl, Schallisolierung Weiss","Alterna","70 x 41"
"1113 339.105.000","Badewanne Kaldewei Conoduo, 170 x 75 cm, Stahl, Schallisolierung, Weiss","Kaldewei","170 x 75"
"1113 341.105.000","Badewanne Kaldewei Conoduo, 190 x 90 cm, Stahl, Schallisolierung, Weiss","Kaldewei","190 x 90"
"1113 340.105.000","Badewanne Kaldewei Conoduo, 180 x 80 cm, Stahl, Schallisolierung, Weiss","Kaldewei","180 x 80"
"1113 112.100.000","Badewanne Kaldewei Saniform Plus, 160 x 70 cm, Stahl, Schallisolierung Umweltdeklaration EPD Weiss","Kaldewei","160 x 70"
"1113 111.100.000","Badewanne Kaldewei Saniform Plus, 150 x 70 cm, Stahl, Schallisolierung Umweltdeklaration EPD Weiss","Kaldewei","150 x 70"
"1113 113.100.000","Badewanne Kaldewei Saniform Plus, 170 x 70 cm, Stahl, Schallisolierung Umweltdeklaration EPD Weiss","Kaldewei","170 x 70"
"1113 116.100.000","Badewanne Kaldewei Saniform Plus, 180 x 80 cm, Stahl, Schallisolierung Umweltdeklaration EPD Weiss","Kaldewei","180 x 80"
"1113 115.100.000","Badewanne Kaldewei Saniform Plus, 170 x 75 cm, Stahl, Schallisolierung Umweltdeklaration EPD Weiss","Kaldewei","170 x 75"
"1113 114.100.000","Badewanne Kaldewei Saniform Plus, 160 x 75 cm, Stahl, Schallisolierung Umweltdeklaration EPD Weiss","Kaldewei","160 x 75"
"1144 294.100.185","Badewanne Kaldewei Puro Next Duo, 1900 x 900 mm, Tiefe 410 mm, Stahl, Schallisolierung Umweltdeklaration EPD Weiss Gleitschutz Invisible Grip","Kaldewei","190 x 90"
"1111 143.100.000","Badewanne Schmidlin Norm Classic Vario, 185 - 194 x 78 - 84 x 45 cm, Stahl, Schallisolierung, (Masse in 1 cm Schritten frei wählbar) Weiss","Schmidlin","84 x 45"
"1111 161.100.000","Badewanne Schmidlin Amena 170 x 75 Tiefe 42 cm Stahl, Schallisolierung Weiss","Schmidlin","170 x 75"
"1144 275.100.000","Badewanne Kaldewei Puro Next Star, 1700 x 750 mm, Tiefe 410 mm, für Griffmontage, Griffe gegen Aufpreis, Stahl, Schallisolierung Umweltdeklaration EPD Weiss","Kaldewei","170 x 75"
"1113 214.100.000","Badewanne Kaldewei Dynaset, 160 x 70 cm, Stahl, Schallisolierung Umweltdeklaration EPD Weiss","Kaldewei","160 x 70"
"1144 289.100.185","Badewanne Kaldewei Puro Next Combi, 1700 x 800 mm, Rückenteil rechts, Tiefe 410 mm, mit seitlichem Überlauf, Stahl, Schallisolierung Umweltdeklaration EPD Weiss Gleitschutz Invisible Grip","Kaldewei","170 x 80"
"1111 280.100.000","Badewanne Schmidlin Sola 170 x 80 cm, Tiefe 45 cm Schallisolierung, Stahl Weiss","Schmidlin","170 x 80"
"1111 174.100.000","Badewanne Schmidlin Ona 180 x 80 Tiefe 42 cm Stahl, Schallisolierung Weiss","Schmidlin","180 x 80"
"1111 247.100.000","Badewanne Schmidlin Norm Classic mit Zargen, 180 x 80 cm, Ablauf links, Zargen vorne und links, Stahl, Schallisolierung, Tiefe 45 cm Weiss","Schmidlin","180 x 80"
"1111 235.100.000","Badewanne Schmidlin Norm Classic mit Zargen, 170 x 70 cm, Ablauf links, Zarge vorne, Stahl, Schallisolierung, Tiefe 45 cm Weiss","Schmidlin","170 x 70"
"1111 544.100.000","Badewanne Schmidlin Free, 200 x 100 cm, Stahl, Schallisolierung, Tiefe 45 cm Weiss","Schmidlin","200 x 100"
"1111 232.100.000","Badewanne Schmidlin Norm Classic mit Zargen, 170 x 70 cm, Ablauf links, Zargen hinten und links, Stahl, Schallisolierung, Tiefe 45 cm Weiss","Schmidlin","170 x 70"
"1111 405.100.000","Badewanne Schmidlin Ella Oval, Einbau, 180 x 100 cm, Tiefe 45 cm, Stahl, Schallisolierung, Ablaufloch Ø 52 mm Weiss","Schmidlin","180 x 100"
"1144 297.100.185","Badewanne Kaldewei Puro Next Duo, 1900 x 900 mm, mit Grifflöchern, Tiefe 410 mm, mit einseitigen Grifflöchern gegenüber des Überlaufs, Stahl, Schallisolierung Umweltdeklaration EPD Weiss Gleitschutz Invisible Grip","Kaldewei","190 x 90"
"1111 109.100.000","Badewanne Schmidlin Norm Classic, 170 x 75 cm, Tiefe 45 cm, Stahl, Schallisolierung Weiss","Schmidlin","170 x 75"
"1111 282.100.000","Badewanne Schmidlin Sola, 180 x 80 cm, Stahl, Schallisolierung, Tiefe 45 cm Weiss","Schmidlin","180 x 80"
"1111 218.100.000","Badewanne Schmidlin Norm Classic mit Zargen, 160 x 70 cm, Ablauf links, Zargen vorne, rechts und links, Stahl, Schallisolierung, Tiefe 45 cm Weiss","Schmidlin","160 x 70"
"1113 488.100.000","Badewanne Kaldewei Silenio- Griffe, 180 x 80 cm, Tiefe 43,5 cm, Stahl, Schallisolierung, ohne Griff Umweltdeklaration EPD Weiss","Kaldewei","180 x 80"
"1111 575.100.000","Badewanne Schmidlin Ocean, 170 x 80 cm, Duschteil rechts, Stahl, Schallisolierung, Tiefe 45 cm Weiss","Schmidlin","170 x 80"
"1111 214.100.000","Badewanne Schmidlin Norm Classic mit Zargen, 160 x 70 cm, Ablauf links, Zarge hinten, links und rechts, Stahl, Schallisolierung, Tiefe 45 cm Weiss","Schmidlin","160 x 70"
"1111 569.100.000","Badewanne Schmidlin Duett mit Zargen, Zargen hinten und rechts, 180 x 80 cm, Stahl, Schallisolierung, Tiefe 42 cm, Überlauf vorne Weiss","Schmidlin","180 x 80"
"1111 594.100.000","Badewanne Schmidlin Purista 170 x 75 cm, Tiefe 45 cm Fussteil links, Überlauf vorne Schallisolierung, Stahl Weiss","Schmidlin","170 x 75"
"1111 642.100.000","Badewanne Schmidlin Luna, 170 x 75/60 cm, Schmalseite 60 cm rechts, Stahl, Schallisolierung, Tiefe 45 cm Weiss","Schmidlin","170 x 75"
"1111 595.100.000","Badewanne Schmidlin Purista 170 x 80 cm, Tiefe 45 cm Fussteil links, Überlauf vorne Schallisolierung, Stahl Weiss","Schmidlin","170 x 80"
"1111 573.100.000","Badewanne Schmidlin Ocean, 160 x 70 cm, Duschteil rechts, Stahl, Schallisolierung, Tiefe 45 cm Weiss","Schmidlin","160 x 70"
"1144 270.100.185","Badewanne Kaldewei Puro Next, 1700 x 800 mm, Tiefe 410 mm, Stahl, Schallisolierung Umweltdeklaration EPD Weiss Gleitschutz Invisible Grip","Kaldewei","170 x 80"
"1111 234.100.000","Badewanne Schmidlin Norm Classic mit Zargen, 170 x 70 cm, Ablauf links, Zargen hinten, rechts und links, Stahl, Schallisolierung, Tiefe 45 cm Weiss","Schmidlin","170 x 70"
"1111 565.100.000","Badewanne Schmidlin Duett, 180 x 75 cm, Stahl, Schallisolierung, Tiefe 42 cm Weiss","Schmidlin","180 x 75"
"1111 146.100.000","Badewanne Schmidlin Duett Vario, 153 - 162 x 65 - 79 x 42 cm, Stahl, Schallisolierung, (Masse in 1 cm Schritten frei wählbar) Weiss","Schmidlin","79 x 42"
"1111 284.100.000","Badewanne Schmidlin Sola 170 x 75 cm, Tiefe 45 cm Duschteil links Überlauf vorne Schallisolierung, Stahl Weiss","Schmidlin","170 x 75"
"1144 278.100.000","Badewanne Kaldewei Puro Next Star, 1900 x 900 mm, Tiefe 410 mm, für Griffmontage, Griffe gegen Aufpreis, Stahl, Schallisolierung Umweltdeklaration EPD Weiss","Kaldewei","190 x 90"
"1111 240.100.181","Badewanne Schmidlin Ocean 150 x 70 x Tiefe 45 cm Duschteil links Schallisolierung, Stahl Weiss Gleitschutz Antigliss Pro","Schmidlin","150 x 70"
"1111 541.100.000","Badewanne Schmidlin Free, 170 x 75 cm, Stahl, Schallisolierung, Tiefe 45 cm Weiss","Schmidlin","170 x 75"
"1111 403.100.000","Badewanne Schmidlin Form, 190 x 80 cm, Stahl, Schallisolierung, Tiefe 42 cm Weiss","Schmidlin","190 x 80"
"1111 784.100.000","Badewanne Schmidlin Viva X 190 x 90 cm, Tiefe 45 cm Randhöhe 8 mm Schallisolierung, Stahl Weiss","Schmidlin","190 x 90"
"1111 579.100.000","Badewanne Schmidlin Ocean, 180 x 80 cm, Duschteil rechts, Stahl, Schallisolierung, Tiefe 45 cm Weiss","Schmidlin","180 x 80"
"1144 283.100.000","Badewanne Kaldewei Puro Next Combi, 1700 x 800 mm, Rückenteil links, Tiefe 410 mm, mit seitlichem Überlauf, Stahl, Schallisolierung Umweltdeklaration EPD Weiss","Kaldewei","170 x 80"
"1124 120.100.000","Badewanne Duscholux Piccolo, 160 x 75 cm, Ablauf rechts, Mod. 163, Kunststoff Acryl Weiss","Duscholux","160 x 75"
"1113 215.100.000","Badewanne Kaldewei Dynaset Star- Griffe, 170 x 75 cm, Stahl, Schallisolierung, ohne Griffe Umweltdeklaration EPD Weiss","Kaldewei","170 x 75"
"1111 226.100.000","Badewanne Schmidlin Norm Classic mit Zargen, 170 x 75 cm, Ablauf links, Zargen hinten, rechts und links, Stahl, Schallisolierung, Tiefe 45 cm Weiss","Schmidlin","170 x 75"
"1144 292.100.000","Badewanne Kaldewei Puro Next Duo, 1700 x 750 mm, Tiefe 410 mm, Stahl, Schallisolierung Umweltdeklaration EPD Weiss","Kaldewei","170 x 75"
"1111 228.100.000","Badewanne Schmidlin Norm Classic mit Zargen, 170 x 75 cm, Ablauf links, Zargen vorne und rechts, Stahl, Schallisolierung, Tiefe 45 cm Weiss","Schmidlin","170 x 75"
"1113 325.100.000","Badewanne Kaldewei Classic Duo, 170 x 75 cm, Stahl, Schallisolierung Umweltdeklaration EPD Weiss","Kaldewei","170 x 75"
"1113 164.100.000","Badewanne Kaldewei Cayono Duo, 170 x 75 cm, Stahl, Schallisolierung Umweltdeklaration EPD Weiss","Kaldewei","170 x 75"
"1111 682.100.000","Badewanne Schmidlin Viva, 170 x 75 cm, Schallisolierung, Stahl, Tiefe 45 cm Weiss","Schmidlin","170 x 75"
"1113 486.100.000","Badewanne Kaldewei Silenio- Griffe, 170 x 75 cm, Tiefe 41 cm, Stahl, Schallisolierung, ohne Griff Umweltdeklaration EPD Weiss","Kaldewei","170 x 75"
"1144 293.100.000","Badewanne Kaldewei Puro Next Duo, 1800 x 800 mm, Tiefe 410 mm, Stahl, Schallisolierung Umweltdeklaration EPD Weiss","Kaldewei","180 x 80"
"1111 224.100.000","Badewanne Schmidlin Norm Classic mit Zargen, 170 x 75 cm, Ablauf links, Zargen hinten und links, Stahl, Schallisolierung, Tiefe 45 cm Weiss","Schmidlin","170 x 75"
"1113 481.100.000","Badewanne Kaldewei Silenio, 170 x 75 cm, Tiefe 41 cm, Stahl, Schallisolierung Umweltdeklaration EPD Weiss","Kaldewei","170 x 75"
"1113 375.100.000","Badewanne Kaldewei Asymmetric Duo, 190 x 100 cm, Tiefe 42 cm, Stahl, Schallisolierung Umweltdeklaration EPD Weiss","Kaldewei","190 x 100"
"1111 172.100.000","Badewanne Schmidlin Ona 170 x 70 Tiefe 42 cm Stahl, Schallisolierung Weiss","Schmidlin","170 x 70"
"1111 557.100.000","Badewanne Schmidlin Duett, 150 x 80 cm, Stahl, Schallisolierung, Tiefe 42 cm Weiss","Schmidlin","150 x 80"
"1111 236.100.000","Badewanne Schmidlin Norm Classic mit Zargen, 170 x 70 cm, Ablauf links, Zargen vorne und rechts, Stahl, Schallisolierung, Tiefe 45 cm Weiss","Schmidlin","170 x 70"
"1111 561.100.000","Badewanne Schmidlin Duett, 170 x 70 cm, Stahl, Schallisolierung, Tiefe 42 cm Weiss","Schmidlin","170 x 70"
"1111 171.100.000","Badewanne Schmidlin Ona 160 x 70 Tiefe 42 cm Stahl, Schallisolierung Weiss","Schmidlin","160 x 70"
"1111 173.100.000","Badewanne Schmidlin Ona 170 x 75 Tiefe 42 cm Stahl, Schallisolierung Weiss","Schmidlin","170 x 75"
"1113 156.100.000","Badewanne Kaldewei Vaio Set Star- Griff, 180 x 80 cm, Rückenteil rechts, Überlauf vorne, Stahl, Schallisolierung, ohne Griffe Umweltdeklaration EPD Weiss","Kaldewei","180 x 80"
"1113 217.100.000","Badewanne Kaldewei Dynaset Star- Griffe, 150 x 75 cm, Stahl, Schallisolierung, ohne Griffe Umweltdeklaration EPD Weiss","Kaldewei","150 x 75"
"1144 295.100.185","Badewanne Kaldewei Puro Next Duo, 1700 x 750 mm, mit Grifflöchern, Tiefe 410 mm, mit einseitigen Grifflöchern gegenüber des Überlaufs, Stahl, Schallisolierung Umweltdeklaration EPD Weiss Gleitschutz Invisible Grip","Kaldewei","170 x 75"
"1111 211.100.000","Badewanne Schmidlin Norm Classic mit Zargen, 160 x 70 cm, Ablauf links, Zarge hinten, Stahl, Schallisolierung, Tiefe 45 cm Weiss","Schmidlin","160 x 70"
"1111 131.100.186","Badewanne Schmidlin Inoa 50, 1700 x 750 mm, Duschteil links, Stahl, Schallisolierung, Tiefe 500 mm, Überlauf vorne Weiss Gleitschutz Aquagrip","Schmidlin","170 x 75"
"1111 302.100.000","Sitzbadewanne Schmidlin, 118 x 73 cm, Stahl, Schallisolierung, Tiefe 42 cm Weiss","Schmidlin","118 x 73"
"1144 288.100.185","Badewanne Kaldewei Puro Next Combi, 1700 x 750 mm, Rückenteil rechts, Tiefe 410 mm, mit seitlichem Überlauf, Stahl, Schallisolierung Umweltdeklaration EPD Weiss Gleitschutz Invisible Grip","Kaldewei","170 x 75"
"1111 584.100.000","Badewanne Schmidlin Purista, 170 x 75 cm, Fussteil rechts, Stahl, Schallisolierung, Tiefe 45 cm, Überlauf vorne Weiss","Schmidlin","170 x 75"
"1144 280.100.000","Badewanne Kaldewei Puro Next Combi, 1600 x 700 mm, Rückenteil links, Tiefe 410 mm, mit seitlichem Überlauf, Stahl, Schallisolierung Umweltdeklaration EPD Weiss","Kaldewei","160 x 70"
"1144 267.100.000","Badewanne Kaldewei Puro Next, 1600 x 700 mm, Tiefe 410 mm, Stahl, Schallisolierung Umweltdeklaration EPD Weiss","Kaldewei","160 x 70"
"1111 588.100.000","Badewanne Schmidlin Purista, 190 x 90 cm, Fussteil beidseitig, Stahl, Schallisolierung, Tiefe 45 cm, Überlauf vorne Weiss","Schmidlin","190 x 90"
"1111 493.100.000","Badewanne Schmidlin Kombi- Griff, 170 x 75 cm, Stahl, Schallisolierung, Tiefe 38 cm, ohne Griffe Weiss","Schmidlin","170 x 75"
"1113 483.100.000","Badewanne Kaldewei Silenio, 180 x 80 cm, Tiefe 43,5 cm, Stahl, Schallisolierung Umweltdeklaration EPD Weiss","Kaldewei","180 x 80"
"1111 113.100.000","Badewanne Schmidlin Norm Classic, 165 x 75 cm, Tiefe 45 cm, Stahl, Schallisolierung Weiss","Schmidlin","165 x 75"
"1124 128.100.000","Badewanne Duscholux Piccolo, 175 x 75 cm, Ablauf rechts, Mod. 173, Kunststoff Acryl Weiss","Duscholux","175 x 75"
"1111 647.100.000","Badewanne Schmidlin Contura Comfort, 190 x 90 cm, Stahl, Schallisolierung, Tiefe 45 cm Weiss","Schmidlin","190 x 90"
"1117 253.100.000","Badewanne Alterna steel set, 170 x 75 cm, Nutzinhalt 135 Liter, Rückenteil rechts, Überlauf vorne, Stahl, Schallisolierung, Tiefe 43 cm Weiss","Alterna","170 x 75"
"1113 211.100.000","Badewanne Kaldewei Dynaset, 170 x 75 cm, Stahl, Schallisolierung Umweltdeklaration EPD Weiss","Kaldewei","170 x 75"
"1144 268.100.000","Badewanne Kaldewei Puro Next, 1700 x 700 mm, Tiefe 410 mm, Stahl, Schallisolierung Umweltdeklaration EPD Weiss","Kaldewei","170 x 70"
"1111 585.100.000","Badewanne Schmidlin Purista, 170 x 80 cm, Fussteil rechts, Stahl, Schallisolierung, Tiefe 45 cm, Überlauf vorne Weiss","Schmidlin","170 x 80"
"1113 155.100.000","Badewanne Kaldewei Vaio Set Star- Griff, 180 x 80 cm, Rückenteil links, Überlauf vorne, Stahl, Schallisolierung, ohne Griffe Umweltdeklaration EPD Weiss","Kaldewei","180 x 80"
"1111 526.100.000","Badewanne Schmidlin Riva 170 x 75 cm, Tiefe 45 cm Schallisolierung, Stahl Weiss","Schmidlin","170 x 75"
"1124 665.100.000","Badewanne Duravit Starck, 180 x 90 cm, Kunststoff Acryl Umweltdeklaration EPD Weiss","Duravit","180 x 90"
"1111 528.100.000","Badewanne Schmidlin Riva 180 x 80 cm, Tiefe 45 cm Schallisolierung, Stahl Weiss","Schmidlin","180 x 80"
"1144 269.100.000","Badewanne Kaldewei Puro Next, 1700 x 750 mm, Tiefe 410 mm, Stahl, Schallisolierung Umweltdeklaration EPD Weiss","Kaldewei","170 x 75"
"1144 287.100.185","Badewanne Kaldewei Puro Next Combi, 1700 x 700 mm, Rückenteil rechts, Tiefe 410 mm, mit seitlichem Überlauf, Stahl, Schallisolierung Umweltdeklaration EPD Weiss Gleitschutz Invisible Grip","Kaldewei","170 x 70"
"1124 116.100.000","Badewanne Duscholux Piccolo, 160 x 75 cm, Ablauf links, Mod. 164, Kunststoff Acryl Weiss","Duscholux","160 x 75"
"1111 490.100.000","Badewanne Schmidlin Kombi- Griff, 150 x 75 cm, Stahl, Schallisolierung, Tiefe 38 cm, ohne Griffe Weiss","Schmidlin","150 x 75"
"1111 646.100.000","Badewanne Schmidlin Contura Comfort, 180 x 80 cm, Stahl, Schallisolierung, Tiefe 45 cm Weiss","Schmidlin","180 x 80"
"1144 284.100.000","Badewanne Kaldewei Puro Next Combi, 1800 x 800 mm, Rückenteil links, Tiefe 410 mm, mit seitlichem Überlauf, Stahl, Schallisolierung Umweltdeklaration EPD Weiss","Kaldewei","180 x 80"
"1111 144.100.000","Badewanne Schmidlin Duett Vario, 146 - 152 x 76 - 85 x 42 cm, Stahl, Schallisolierung, (Masse in 1 cm Schritten frei wählbar) Weiss","Schmidlin","85 x 42"
"1111 641.100.000","Badewanne Schmidlin Luna, 170 x 75/60 cm, Schmalseite 60 cm links, Stahl, Schallisolierung, Tiefe 45 cm Weiss","Schmidlin","170 x 75"
"1111 542.100.000","Badewanne Schmidlin Free, 180 x 80 cm, Stahl, Schallisolierung, Tiefe 45 cm Weiss","Schmidlin","180 x 80"
"1111 556.100.000","Badewanne Schmidlin Duett, 160 x 70 cm, Stahl, Schallisolierung, Tiefe 42 cm Weiss","Schmidlin","160 x 70"
"1144 291.100.000","Badewanne Kaldewei Puro Next Combi, 1900 x 900 mm, Rückenteil rechts, Tiefe 410 mm, mit seitlichem Überlauf, Stahl, Schallisolierung Umweltdeklaration EPD Weiss","Kaldewei","190 x 90"
"1111 242.100.000","Badewanne Schmidlin Norm Classic mit Zargen, 180 x 80 cm, Ablauf links, Zargen hinten und links, Stahl, Schallisolierung, Tiefe 45 cm Weiss","Schmidlin","180 x 80"
"1111 215.100.000","Badewanne Schmidlin Norm Classic mit Zargen, 160 x 70 cm, Ablauf links, Zarge vorne, Stahl, Schallisolierung, Tiefe 45 cm Weiss","Schmidlin","160 x 70"
"1111 147.100.000","Badewanne Schmidlin Duett Vario, 163 - 165 x 65 - 84 x 42 cm, Stahl, Schallisolierung, (Masse in 1 cm Schritten frei wählbar) Weiss","Schmidlin","84 x 42"
"1111 402.100.000","Badewanne Schmidlin Form, 180 x 80 cm, Stahl, Schallisolierung, Tiefe 42 cm Weiss","Schmidlin","180 x 80"
"1111 555.100.000","Badewanne Schmidlin Duett, 160 x 65 cm, Stahl, Schallisolierung, Tiefe 42 cm Weiss","Schmidlin","160 x 65"
"1111 245.100.000","Badewanne Schmidlin Norm Classic mit Zargen, 180 x 80 cm, Ablauf links, Zarge vorne, Stahl, Schallisolierung, Tiefe 45 cm Weiss","Schmidlin","180 x 80"
"1124 127.100.000","Badewanne Duscholux Piccolo, 175 x 75 cm, Ablauf links, Mod. 174, Kunststoff Acryl Weiss","Duscholux","175 x 75"
"1111 288.100.000","Badewanne Schmidlin Sola 180 x 80 cm, Tiefe 45 cm Duschteil links Überlauf vorne Schallisolierung, Stahl Weiss","Schmidlin","180 x 80"
"1124 664.100.000","Badewanne Duravit Starck, 180 x 80 cm, Kunststoff Acryl Umweltdeklaration EPD Weiss","Duravit","180 x 80"
"1111 583.100.000","Badewanne Schmidlin Purista, 160 x 75 cm, Fussteil rechts, Stahl, Schallisolierung, Tiefe 45 cm, Überlauf vorne Weiss","Schmidlin","160 x 75"
"1113 135.100.000","Badewanne Kaldewei Vaio Star- Griff, 170 x 80 cm, Rückenteil links, Überlauf vorne, Stahl, Schallisolierung, ohne Griffe Umweltdeklaration EPD Weiss","Kaldewei","170 x 80"
"1111 652.100.000","Badewanne Schmidlin Contura Duo, 170 x 70 cm, Stahl, Schallisolierung, Tiefe 45 cm Weiss","Schmidlin","170 x 70"
"1111 222.100.000","Badewanne Schmidlin Norm Classic mit Zargen, 168 x 70 cm, Ablauf links, Zargen vorne, rechts und links, Stahl, Schallisolierung, Tiefe 45 cm Weiss","Schmidlin","168 x 70"
"1124 661.100.000","Badewanne Duravit Starck, 170 x 70 cm, Kunststoff Acryl Umweltdeklaration EPD Weiss","Duravit","170 x 70"
"1111 130.100.000","Badewanne Schmidlin Norm Classic mit Zargen, 170 x 75 cm, Ablauf links, Zargen vorne, rechts und links, Stahl, Schallisolierung, Tiefe 45 cm Weiss","Schmidlin","170 x 75"
"1111 593.100.000","Badewanne Schmidlin Purista 160 x 75 cm, Tiefe 45 cm Fussteil links, Überlauf vorne Schallisolierung, Stahl Weiss","Schmidlin","160 x 75"
"1111 529.100.000","Badewanne Schmidlin Riva 190 x 90 cm, Tiefe 45 cm Schallisolierung, Stahl Weiss","Schmidlin","190 x 90"
"1111 246.100.000","Badewanne Schmidlin Norm Classic mit Zargen, 180 x 80 cm, Ablauf links, Zargen vorne und rechts, Stahl, Schallisolierung, Tiefe 45 cm Weiss","Schmidlin","180 x 80"
"1113 323.100.000","Badewanne Kaldewei Classic Duo, 160 x 70 cm, Stahl, Schallisolierung Umweltdeklaration EPD Weiss","Kaldewei","160 x 70"
"1111 159.100.000","Badewanne Schmidlin Ocean Vario, 178 - 185 x 78 - 85 cm, Duschteil rechts, Stahl, Schallisolierung, Tiefe 45 cm, (Masse in 1 cm Schritten frei wählbar) Weiss","Schmidlin","185 x 78"
"1111 243.100.000","Badewanne Schmidlin Norm Classic mit Zargen, 180 x 80 cm, Ablauf links, Zargen hinten und rechts, Stahl, Schallisolierung, Tiefe 45 cm Weiss","Schmidlin","180 x 80"
"1111 543.100.000","Badewanne Schmidlin Free, 190 x 90 cm, Stahl, Schallisolierung, Tiefe 45 cm Weiss","Schmidlin","190 x 90"
"1122 310.100.000","Badewanne Hoesch Santee 190 x 120 cm Kunststoff Acryl Weiss","Hoesch","190 x 120"
"1111 558.100.000","Badewanne Schmidlin Duett, 180 x 70 cm, Stahl, Schallisolierung, Tiefe 42 cm Weiss","Schmidlin","180 x 70"
"1111 149.100.000","Badewanne Schmidlin Duett Vario, 184 - 194 x 83 - 94 x 42 cm, Stahl, Schallisolierung, (Masse in 1 cm Schritten frei wählbar) Weiss","Schmidlin","94 x 42"
"1113 489.100.000","Badewanne Kaldewei Silenio- Griffe, 190 x 90 cm, Tiefe 43,5 cm, Stahl, Schallisolierung, ohne Griff Umweltdeklaration EPD Weiss","Kaldewei","190 x 90"
"1111 653.100.000","Badewanne Schmidlin Contura Duo, 170 x 75 cm, Stahl, Schallisolierung, Tiefe 45 cm Weiss","Schmidlin","170 x 75"
"1111 142.100.000","Badewanne Schmidlin Norm Classic Vario, 175 - 184 x 68 - 84 x 45 cm, Stahl, Schallisolierung, (Masse in 1 cm Schritten frei wählbar) Weiss","Schmidlin","84 x 45"
"1111 693.100.000","Badewanne Schmidlin Cubic, 180 x 85 cm, Schallisolierung, Stahl, Tiefe 45 cm, Ablaufloch Ø 90 mm Weiss","Schmidlin","180 x 85"
"1111 570.100.000","Badewanne Schmidlin Duett mit Zargen, Zargen hinten, rechts und links, 180 x 80 cm, Stahl, Schallisolierung, Tiefe 42 cm, Überlauf vorne Weiss","Schmidlin","180 x 80"
"1111 567.100.000","Badewanne Schmidlin Duett mit Zargen, Zargen hinten und links, 180 x 80 cm, Stahl, Schallisolierung, Tiefe 42 cm, Überlauf vorne Weiss","Schmidlin","180 x 80"
"1111 225.100.000","Badewanne Schmidlin Norm Classic mit Zargen, 170 x 75 cm, Ablauf links, Zargen hinten und rechts, Stahl, Schallisolierung, Tiefe 45 cm Weiss","Schmidlin","170 x 75"
"1121 534.100.186","Badewanne Alterna wai 180 x 80 cm, Tiefe 42 cm Stahl, Schallisolierung Weiss Gleitschutz Aquagrip","Alterna","180 x 80"
"1111 578.100.181","Badewanne Schmidlin Ocean 170 x 75 cm, Tiefe 45 cm Duschteil links Schallisolierung, Stahl Weiss Gleitschutz Antigliss Pro","Schmidlin","170 x 75"
"1111 566.100.000","Badewanne Schmidlin Duett, 180 x 80 cm, Stahl, Schallisolierung, Tiefe 42 cm Weiss","Schmidlin","180 x 80"
"1111 132.100.810","Badewanne Schmidlin Inoa 50, 1800 x 800 mm, Duschteil links, Stahl, Schallisolierung, Tiefe 500 mm, Überlauf vorne Weiss Standard","Schmidlin","180 x 80"
"1117 243.100.000","Badewanne Alterna steel set, 170 x 75 cm, Nutzinhalt 135 Liter, Rückenteil links, Überlauf vorne, Stahl, Schallisolierung, Tiefe 43 cm Weiss","Alterna","170 x 75"
"1111 301.100.000","Sitzbadewanne Schmidlin, 105 x 65 cm, Stahl, Schallisolierung, Tiefe 42 cm Weiss","Schmidlin","105 x 65"
"1111 574.100.181","Badewanne Schmidlin Ocean 160 x 70 cm, Tiefe 45 cm Duschteil links Schallisolierung, Stahl Weiss Gleitschutz Antigliss Pro","Schmidlin","160 x 70"
"1144 281.100.185","Badewanne Kaldewei Puro Next Combi, 1700 x 700 mm, Rückenteil links, Tiefe 410 mm, mit seitlichem Überlauf, Stahl, Schallisolierung Umweltdeklaration EPD Weiss Gleitschutz Invisible Grip","Kaldewei","170 x 70"
"1111 287.100.000","Badewanne Schmidlin Sola 170 x 80 cm, Tiefe 45 cm Duschteil rechts Überlauf vorne Schallisolierung, Stahl Weiss","Schmidlin","170 x 80"
"1124 669.100.000","Badewanne Duravit Starck, 200 x 100 cm, Kunststoff Acryl Umweltdeklaration EPD Weiss","Duravit","200 x 100"
"1111 157.100.000","Badewanne Schmidlin Ocean Vario, 168 - 177 x 72 - 85 cm, Duschteil rechts, Stahl, Schallisolierung, Tiefe 45 cm, (Masse in 1 cm Schritten frei wählbar) Weiss","Schmidlin","177 x 72"
"1111 648.100.000","Badewanne Schmidlin Contura Comfort, 200 x 90 cm, Stahl, Schallisolierung, Tiefe 45 cm Weiss","Schmidlin","200 x 90"
"1113 371.100.000","Badewanne Kaldewei Asymmetric Duo, 170 x 80 cm, Tiefe 42 cm, Stahl, Schallisolierung Umweltdeklaration EPD Weiss","Kaldewei","170 x 80"
"1111 134.100.186","Badewanne Schmidlin Inoa 50, 1800 x 800 mm, Duschteil rechts, Stahl, Schallisolierung, Tiefe 500 mm, Überlauf vorne Weiss Gleitschutz Aquagrip","Schmidlin","180 x 80"
"1111 315.100.000","Badewanne Schmidlin Swiss Line 180 x 80 cm, Tiefe 42 cm Stahl, Schallisolierung Weiss","Schmidlin","180 x 80"
"1113 327.100.000","Badewanne Kaldewei Classic Duo, 180 x 80 cm, Stahl, Schallisolierung Umweltdeklaration EPD Weiss","Kaldewei","180 x 80"
"1113 153.100.000","Badewanne Kaldewei Vaio Set Star- Griff, 170 x 75 cm, Rückenteil links, Überlauf vorne, Stahl, Schallisolierung, ohne Griffe Umweltdeklaration EPD Weiss","Kaldewei","170 x 75"
"1144 282.100.000","Badewanne Kaldewei Puro Next Combi, 1700 x 750 mm, Rückenteil links, Tiefe 410 mm, mit seitlichem Überlauf, Stahl, Schallisolierung Umweltdeklaration EPD Weiss","Kaldewei","170 x 75"
"1111 782.100.000","Badewanne Schmidlin Viva X 170 x 75 cm, Tiefe 45 cm Randhöhe 8 mm Schallisolierung, Stahl Weiss","Schmidlin","170 x 75"
"1113 216.100.000","Badewanne Kaldewei Dynaset Star- Griffe, 180 x 80 cm, Stahl, Schallisolierung, ohne Griffe Umweltdeklaration EPD Weiss","Kaldewei","180 x 80"
"1113 212.100.000","Badewanne Kaldewei Dynaset, 180 x 80 cm, Stahl, Schallisolierung Umweltdeklaration EPD Weiss","Kaldewei","180 x 80"
"1111 106.100.000","Badewanne Schmidlin Norm Classic, 168 x 70 cm, Tiefe 45 cm, Stahl, Schallisolierung Weiss","Schmidlin","168 x 70"
"1111 213.100.000","Badewanne Schmidlin Norm Classic mit Zargen, 160 x 70 cm, Ablauf links, Zarge hinten und rechts, Stahl, Schallisolierung, Tiefe 45 cm Weiss","Schmidlin","160 x 70"
"1113 218.100.000","Badewanne Kaldewei Dynaset Star- Griffe, 160 x 70 cm, Stahl, Schallisolierung, ohne Griffe Umweltdeklaration EPD Weiss","Kaldewei","160 x 70"
"1124 667.100.000","Badewanne Duravit Starck, 190 x 90 cm, Kunststoff Acryl Umweltdeklaration EPD Weiss","Duravit","190 x 90"
"1111 314.100.000","Badewanne Schmidlin Swiss Line 170 x 75 cm, Tiefe 42 cm Stahl, Schallisolierung Weiss","Schmidlin","170 x 75"
"1111 289.100.000","Badewanne Schmidlin Sola 180 x 80 cm, Tiefe 45 cm Duschteil rechts Überlauf vorne Schallisolierung, Stahl Weiss","Schmidlin","180 x 80"
"1111 576.100.181","Badewanne Schmidlin Ocean 170 x 80 cm, Tiefe 45 cm Duschteil links Schallisolierung, Stahl Weiss Gleitschutz Antigliss Pro","Schmidlin","170 x 80"
"1144 274.100.185","Badewanne Kaldewei Puro Next Star, 1700 x 700 mm, Tiefe 410 mm, für Griffmontage, Griffe gegen Aufpreis, Stahl, Schallisolierung Umweltdeklaration EPD Weiss Gleitschutz Invisible Grip","Kaldewei","170 x 70"
"1144 286.100.000","Badewanne Kaldewei Puro Next Combi, 1600 x 700 mm, Rückenteil rechts, Tiefe 410 mm, mit seitlichem Überlauf, Stahl, Schallisolierung Umweltdeklaration EPD Weiss","Kaldewei","160 x 70"
"1113 324.100.000","Badewanne Kaldewei Classic Duo, 170 x 70 cm, Stahl, Schallisolierung Umweltdeklaration EPD Weiss","Kaldewei","170 x 70"
"1144 271.100.185","Badewanne Kaldewei Puro Next, 1800 x 800 mm, Tiefe 410 mm, Stahl, Schallisolierung Umweltdeklaration EPD Weiss Gleitschutz Invisible Grip","Kaldewei","180 x 80"
"1111 562.100.000","Badewanne Schmidlin Duett, 170 x 75 cm, Stahl, Schallisolierung, Tiefe 42 cm Weiss","Schmidlin","170 x 75"
"1111 156.100.000","Badewanne Schmidlin Ocean Vario, 168 - 177 x 72 - 85 cm, Duschteil links, Stahl, Schallisolierung, Tiefe 45 cm, (Masse in 1 cm Schritten frei wählbar) Weiss","Schmidlin","177 x 72"
"1113 373.100.000","Badewanne Kaldewei Asymmetric Duo, 180 x 90 cm, Tiefe 42 cm, Stahl, Schallisolierung Umweltdeklaration EPD Weiss","Kaldewei","180 x 90"
"1113 151.100.000","Badewanne Kaldewei Vaio Set Star- Griff, 160 x 70 cm, Rückenteil rechts, Überlauf vorne, Stahl, Schallisolierung, ohne Griffe Umweltdeklaration EPD Weiss","Kaldewei","160 x 70"
"1144 285.100.000","Badewanne Kaldewei Puro Next Combi, 1900 x 900 mm, Rückenteil links, Tiefe 410 mm, mit seitlichem Überlauf, Stahl, Schallisolierung Umweltdeklaration EPD Weiss","Kaldewei","190 x 90"
"1111 632.100.000","Badewanne Schmidlin Bambino, 157 x 70/55 cm, Ablauf rechts, Stahl, Schallisolierung, Tiefe 42 cm Weiss","Schmidlin","157 x 70"
"1111 492.100.000","Badewanne Schmidlin Kombi- Griff, 165 x 75 cm, Stahl, Schallisolierung, Tiefe 38 cm, ohne Griffe Weiss","Schmidlin","165 x 75"
"1111 227.100.000","Badewanne Schmidlin Norm Classic mit Zargen, 170 x 75 cm, Ablauf links, Zarge vorne, Stahl, Schallisolierung, Tiefe 45 cm Weiss","Schmidlin","170 x 75"
"1144 276.100.000","Badewanne Kaldewei Puro Next Star, 1700 x 800 mm, Tiefe 410 mm, für Griffmontage, Griffe gegen Aufpreis, Stahl, Schallisolierung Umweltdeklaration EPD Weiss","Kaldewei","170 x 80"
"1111 286.100.000","Badewanne Schmidlin Sola 170 x 80 cm, Tiefe 45 cm Duschteil links Überlauf vorne Schallisolierung, Stahl Weiss","Schmidlin","170 x 80"
"1111 281.100.000","Badewanne Schmidlin Sola, 170 x 75 cm, Stahl, Schallisolierung, Tiefe 45 cm Weiss","Schmidlin","170 x 75"
"1111 249.100.000","Badewanne Schmidlin Ocean Vario, 150 - 157 x 68 - 77 cm, Duschteil rechts, Stahl, Schallisolierung, Tiefe 45 cm, (Masse in 1 cm Schritten frei wählbar) Weiss","Schmidlin","157 x 68"
"1111 407.100.000","Badewanne Schmidlin Form, 170 x 75 cm, Stahl, Schallisolierung, Tiefe 42 cm Weiss","Schmidlin","170 x 75"
"1121 533.100.186","Badewanne Alterna wai 170 x 75 cm, Tiefe 42 cm Stahl, Schallisolierung Weiss Gleitschutz Aquagrip","Alterna","170 x 75"
"1111 217.100.000","Badewanne Schmidlin Norm Classic mit Zargen, 160 x 70 cm, Ablauf links, Zargen vorne und links, Stahl, Schallisolierung, Tiefe 45 cm Weiss","Schmidlin","160 x 70"
"1111 212.100.000","Badewanne Schmidlin Norm Classic mit Zargen, 160 x 70 cm, Ablauf links, Zarge hinten und links, Stahl, Schallisolierung, Tiefe 45 cm Weiss","Schmidlin","160 x 70"
"1111 494.100.000","Badewanne Schmidlin Kombi- Griff, 170 x 80 cm, Stahl, Schallisolierung, Tiefe 38 cm, ohne Griffe Weiss","Schmidlin","170 x 80"
"1111 158.100.000","Badewanne Schmidlin Ocean Vario, 178 - 185 x 78 - 85 cm, Duschteil links, Stahl, Schallisolierung, Tiefe 45 cm, (Masse in 1 cm Schritten frei wählbar) Weiss","Schmidlin","185 x 78"
"1111 133.100.186","Badewanne Schmidlin Inoa 50, 1700 x 750 mm, Duschteil rechts, Stahl, Schallisolierung, Tiefe 500 mm, Überlauf vorne Weiss Gleitschutz Aquagrip","Schmidlin","170 x 75"
"1111 404.100.000","Badewanne Schmidlin Ella, Einbau, 180 x 100 cm, Tiefe 45 cm, Stahl, Schallisolierung, Ablaufloch Ø 52 mm Weiss","Schmidlin","180 x 100"
"1111 141.100.000","Badewanne Schmidlin Norm Classic Vario, 156 - 174 x 65 - 80 x 44 cm, Stahl, Schallisolierung, (Masse in 1 cm Schritten frei wählbar) Weiss","Schmidlin","80 x 44"
"1111 655.100.000","Badewanne Schmidlin Contura Duo, 190 x 90 cm, Stahl, Schallisolierung, Tiefe 45 cm Weiss","Schmidlin","190 x 90"
"1117 244.100.000","Badewanne Alterna steel set, 180 x 80 cm, Nutzinhalt 135 Liter, Rückenteil links, Überlauf vorne, Stahl, Schallisolierung, Tiefe 43 cm Weiss","Alterna","180 x 80"
"1111 654.100.000","Badewanne Schmidlin Contura Duo, 180 x 80 cm, Stahl, Schallisolierung, Tiefe 45 cm Weiss","Schmidlin","180 x 80"
"1111 580.100.000","Badewanne Schmidlin Ocean, 180 x 80 cm, Duschteil links, Stahl, Schallisolierung, Tiefe 45 cm Weiss","Schmidlin","180 x 80"
"1113 120.100.000","Badewanne Kaldewei Saniform, 175 x 75 cm, Stahl, Schallisolierung Umweltdeklaration EPD Weiss","Kaldewei","175 x 75"
"1113 162.100.000","Badewanne Kaldewei Vaioduo, 180 x 80 cm, Stahl, Schallisolierung Umweltdeklaration EPD Weiss","Kaldewei","180 x 80"
"1113 213.100.000","Badewanne Kaldewei Dynaset, 150 x 75 cm, Stahl, Schallisolierung Umweltdeklaration EPD Weiss","Kaldewei","150 x 75"
"1111 233.100.000","Badewanne Schmidlin Norm Classic mit Zargen, 170 x 70 cm, Ablauf links, Zargen hinten und rechts, Stahl, Schallisolierung, Tiefe 45 cm Weiss","Schmidlin","170 x 70"
"1111 283.100.000","Badewanne Schmidlin Sola, 190 x 90 cm, Stahl, Schallisolierung, Tiefe 45 cm Weiss","Schmidlin","190 x 90"
"1122 210.100.000","Badewanne Hoesch Happy D. 180 x 80 cm, Vorderfront angeformt, Montagegestell Frontecken abgerundet Kunststoff Acryl Weiss","Hoesch","180 x 80"
"1117 254.100.000","Badewanne Alterna steel set, 180 x 80 cm, Nutzinhalt 135 Liter, Rückenteil rechts, Überlauf vorne, Stahl, Schallisolierung, Tiefe 43 cm Weiss","Alterna","180 x 80"
"1144 272.100.185","Badewanne Kaldewei Puro Next, 1900 x 900 mm, Tiefe 410 mm, Stahl, Schallisolierung Umweltdeklaration EPD Weiss Gleitschutz Invisible Grip","Kaldewei","190 x 90"
"1113 484.100.000","Badewanne Kaldewei Silenio, 190 x 90 cm, Tiefe 43,5 cm, Stahl, Schallisolierung Umweltdeklaration EPD Weiss","Kaldewei","190 x 90"
"1111 229.100.000","Badewanne Schmidlin Norm Classic mit Zargen, 170 x 75 cm, Ablauf links, Zargen vorne und links, Stahl, Schallisolierung, Tiefe 45 cm Weiss","Schmidlin","170 x 75"
"1113 136.100.000","Badewanne Kaldewei Vaio Star- Griff, 170 x 80 cm, Rückenteil rechts, Überlauf vorne, Stahl, Schallisolierung, ohne Griffe Umweltdeklaration EPD Weiss","Kaldewei","170 x 80"
"1113 326.100.000","Badewanne Kaldewei Classic Duo, 180 x 75 cm, Stahl, Schallisolierung Umweltdeklaration EPD Weiss","Kaldewei","180 x 75"
"1113 150.100.000","Badewanne Kaldewei Vaio Set Star- Griff, 160 x 70 cm, Rückenteil links, Überlauf vorne, Stahl, Schallisolierung, ohne Griffe Umweltdeklaration EPD Weiss","Kaldewei","160 x 70"
"1111 148.100.000","Badewanne Schmidlin Duett Vario, 166 - 182 x 69 - 84 x 42 cm, Stahl, Schallisolierung, (Masse in 1 cm Schritten frei wählbar) Weiss","Schmidlin","84 x 42"
"1111 221.100.000","Badewanne Schmidlin Norm Classic mit Zargen, 168 x 70 cm, Ablauf links, Zarge hinten, rechts und links, Stahl, Schallisolierung, Tiefe 45 cm Weiss","Schmidlin","168 x 70"
"1111 162.100.000","Badewanne Schmidlin Amena 180 x 80 Tiefe 42 cm Stahl, Schallisolierung Weiss","Schmidlin","180 x 80"
"1111 231.100.000","Badewanne Schmidlin Norm Classic mit Zargen, 170 x 70 cm, Ablauf links, Zarge hinten, Stahl, Schallisolierung, Tiefe 45 cm Weiss","Schmidlin","170 x 70"
"1111 683.100.000","Badewanne Schmidlin Viva, 180 x 80 cm, Schallisolierung, Stahl, Tiefe 45 cm Weiss","Schmidlin","180 x 80"
"1111 223.100.000","Badewanne Schmidlin Norm Classic mit Zargen, 170 x 75 cm, Ablauf links, Zarge hinten, Stahl, Schallisolierung, Tiefe 45 cm Weiss","Schmidlin","170 x 75"
"1111 406.100.000","Badewanne Schmidlin Ella Oval Shape, freistehend, 180 x 100 x 45 cm, mit nahtlos emaillierter Schürze, inkl. Ab- und Überlaufgarnitur Multiplex, vormontiert, inkl. flexiblem Schlauch zum Anschluss der Ablaufgarnitur, Ablaufloch Ø 52 mm, Gesamthöhe 57.5 cm Weiss","Schmidlin","100 x 45"
"1111 783.100.000","Badewanne Schmidlin Viva X 180 x 80 cm, Tiefe 45 cm Randhöhe 8 mm Schallisolierung, Stahl Weiss","Schmidlin","180 x 80"
"1111 587.100.000","Badewanne Schmidlin Purista, 180 x 90 cm, Fussteil beidseitig, Stahl, Schallisolierung, Tiefe 45 cm, Überlauf vorne Weiss","Schmidlin","180 x 90"
"1111 237.100.000","Badewanne Schmidlin Norm Classic mit Zargen, 170 x 70 cm, Ablauf links, Zargen vorne und links, Stahl, Schallisolierung, Tiefe 45 cm Weiss","Schmidlin","170 x 70"
"1144 277.100.185","Badewanne Kaldewei Puro Next Star, 1800 x 800 mm, Tiefe 410 mm, für Griffmontage, Griffe gegen Aufpreis, Stahl, Schallisolierung Umweltdeklaration EPD Weiss Gleitschutz Invisible Grip","Kaldewei","180 x 80"
"1144 273.100.185","Badewanne Kaldewei Puro Next Star, 1600 x 700 mm, Tiefe 410 mm, für Griffmontage, Griffe gegen Aufpreis, Stahl, Schallisolierung Umweltdeklaration EPD Weiss Gleitschutz Invisible Grip","Kaldewei","160 x 70"
"1111 238.100.000","Badewanne Schmidlin Norm Classic mit Zargen, 170 x 70 cm, Ablauf links, Zargen vorne, rechts und links, Stahl, Schallisolierung, Tiefe 45 cm Weiss","Schmidlin","170 x 70"
"1111 140.100.000","Badewanne Schmidlin Norm Classic Vario, 140 - 155 x 70 - 80 x 44 cm, Stahl, Schallisolierung, (Masse in 1 cm Schritten frei wählbar) Weiss","Schmidlin","80 x 44"
"1144 296.100.000","Badewanne Kaldewei Puro Next Duo, 1800 x 800 mm, mit Grifflöchern, Tiefe 410 mm, mit einseitigen Grifflöchern gegenüber des Überlaufs, Stahl, Schallisolierung Umweltdeklaration EPD Weiss","Kaldewei","180 x 80"
"1111 400.100.000","Badewanne Schmidlin Form, 160 x 75 cm, Stahl, Schallisolierung, Tiefe 42 cm Weiss","Schmidlin","160 x 75"
"1111 216.100.000","Badewanne Schmidlin Norm Classic mit Zargen, 160 x 70 cm, Ablauf links, Zargen vorne und rechts, Stahl, Schallisolierung, Tiefe 45 cm Weiss","Schmidlin","160 x 70"
"1124 662.100.000","Badewanne Duravit Starck, 170 x 75 cm, Kunststoff Acryl Umweltdeklaration EPD Weiss","Duravit","170 x 75"
"1111 244.100.000","Badewanne Schmidlin Norm Classic mit Zargen, 180 x 80 cm, Ablauf links, Zargen hinten, rechts und links, Stahl, Schallisolierung, Tiefe 45 cm Weiss","Schmidlin","180 x 80"
"1111 313.100.000","Badewanne Schmidlin Swiss Line 170 x 70 cm, Tiefe 42 cm Stahl, Schallisolierung Weiss","Schmidlin","170 x 70"
"1111 114.100.000","Badewanne Schmidlin Norm Classic, 168 x 75 cm, Tiefe 45 cm, Stahl, Schallisolierung Weiss","Schmidlin","168 x 75"
"1144 290.100.000","Badewanne Kaldewei Puro Next Combi, 1800 x 800 mm, Rückenteil rechts, Tiefe 410 mm, mit seitlichem Überlauf, Stahl, Schallisolierung Umweltdeklaration EPD Weiss","Kaldewei","180 x 80"
"1111 684.100.000","Badewanne Schmidlin Viva, 190 x 90 cm, Schallisolierung, Stahl, Tiefe 45 cm Weiss","Schmidlin","190 x 90"
"1111 239.100.181","Badewanne Schmidlin Ocean 150 x 70 x Tiefe 45 cm Duschteil rechts Schallisolierung, Stahl Weiss Gleitschutz Antigliss Pro","Schmidlin","150 x 70"
"1111 586.100.000","Badewanne Schmidlin Purista, 180 x 80 cm, Fussteil rechts, Stahl, Schallisolierung, Tiefe 45 cm, Überlauf vorne Weiss","Schmidlin","180 x 80"
"1111 568.100.000","Badewanne Schmidlin Duett, 190 x 90 cm, Stahl, Schallisolierung, Tiefe 42 cm Weiss","Schmidlin","190 x 90"
"1111 500.100.000","Badewanne Schmidlin Kombi, 150 x 75 cm, Stahl, Schallisolierung, Tiefe 38 cm Weiss","Schmidlin","150 x 75"
"1111 512.100.000","Badewanne Schmidlin Superkombi, 170 x 80 cm, Armlehne, Stahl, Schallisolierung, Tiefe 42 cm Weiss","Schmidlin","170 x 80"
"1113 166.100.000","Badewanne Kaldewei Cayono Duo, 180 x 80 cm, Stahl, Schallisolierung Umweltdeklaration EPD Weiss","Kaldewei","180 x 80"
"1113 126.100.000","Badewanne Kaldewei Vaio, 170 x 80 cm, Rückenteil rechts, Überlauf vorne, Stahl, Schallisolierung Umweltdeklaration EPD Weiss","Kaldewei","170 x 80"
"1111 596.100.000","Badewanne Schmidlin Purista 180 x 80 cm, Tiefe 45 cm Fussteil links, Überlauf vorne Schallisolierung, Stahl Weiss","Schmidlin","180 x 80"
"1111 511.100.000","Badewanne Schmidlin Superkombi, 170 x 75 cm, Armlehne, Stahl, Schallisolierung, Tiefe 42 cm Weiss","Schmidlin","170 x 75"
"1121 527.100.000","Badewanne Alterna marea, 180 x 80 cm, Tiefe 46 cm, mit zwei Rückenschrägen, Nutzinhalt 181 Liter, Kunststoff Acryl Weiss","Alterna","180 x 80"
"1111 311.100.000","Badewanne Schmidlin Swiss Line 160 x 70 cm, Tiefe 42 cm Stahl, Schallisolierung Weiss","Schmidlin","160 x 70"
"1111 250.100.000","Badewanne Schmidlin Ocean Vario, 150 - 157 x 68 - 77 cm, Duschteil links, Stahl, Schallisolierung, Tiefe 45 cm, (Masse in 1 cm Schritten frei wählbar) Weiss","Schmidlin","157 x 68"
"1111 694.100.000","Badewanne Schmidlin Cubic, 180 x 90 cm, Schallisolierung, Stahl, Tiefe 45 cm, Ablaufloch Ø 90 mm Weiss","Schmidlin","180 x 90"
"1111 577.100.000","Badewanne Schmidlin Ocean, 170 x 75 cm, Duschteil rechts, Stahl, Schallisolierung, Tiefe 45 cm Weiss","Schmidlin","170 x 75"
"1111 441.100.000","Badewanne Schmidlin Kombinett, 170 x 70 cm, Stahl, Schallisolierung, Tiefe 39 cm Weiss","Schmidlin","170 x 70"
"1111 154.100.000","Badewanne Schmidlin Ocean Vario, 158 - 167 x 68 - 75 cm, Duschteil links, Stahl, Schallisolierung, Tiefe 45 cm, (Masse in 1 cm Schritten frei wählbar) Weiss","Schmidlin","167 x 68"
"1113 154.100.000","Badewanne Kaldewei Vaio Set Star- Griff, 170 x 75 cm, Rückenteil rechts, Überlauf vorne, Stahl, Schallisolierung, ohne Griffe Umweltdeklaration EPD Weiss","Kaldewei","170 x 75"
"1111 631.100.000","Badewanne Schmidlin Bambino, 157 x 70/55 cm, Ablauf links, Stahl, Schallisolierung, Tiefe 42 cm Weiss","Schmidlin","157 x 70"
"1111 559.100.000","Badewanne Schmidlin Duett, 190 x 80 cm, Stahl, Schallisolierung, Tiefe 42 cm Weiss","Schmidlin","190 x 80"
"1111 491.100.000","Badewanne Schmidlin Kombi- Griff, 160 x 75 cm, Stahl, Schallisolierung, Tiefe 38 cm, ohne Griffe Weiss","Schmidlin","160 x 75"
"1111 291.100.000","Badewanne Schmidlin Sola 190 x 90 cm, Tiefe 45 cm Duschteil rechts Überlauf vorne Schallisolierung, Stahl Weiss","Schmidlin","190 x 90"
"1111 802.100.000","Badewanne Schmidlin Loft freistehend, 180 x 75 cm, Stahl, mit angeformter emaillierter Schürze, Ab- und Überlaufgarnitur Loft / - Trio vormontiert, verchromt, (separat zu bestellen), Höhe 56 cm, Füllmenge 318 Liter Weiss","Schmidlin","180 x 75"
"1111 155.100.000","Badewanne Schmidlin Ocean Vario, 158 - 167 x 68 - 75 cm, Duschteil rechts, Stahl, Schallisolierung, Tiefe 45 cm, (Masse in 1 cm Schritten frei wählbar) Weiss","Schmidlin","167 x 68"
"1111 248.100.000","Badewanne Schmidlin Norm Classic mit Zargen, 180 x 80 cm, Ablauf links, Zargen vorne, rechts und links, Stahl, Schallisolierung, Tiefe 45 cm Weiss","Schmidlin","180 x 80"
"1111 651.100.000","Badewanne Schmidlin Contura Duo, 160 x 70 cm, Stahl, Schallisolierung, Tiefe 45 cm Weiss","Schmidlin","160 x 70"
"1111 290.100.000","Badewanne Schmidlin Sola 190 x 90 cm, Tiefe 45 cm Duschteil links Überlauf vorne Schallisolierung, Stahl Weiss","Schmidlin","190 x 90"
"1111 241.100.000","Badewanne Schmidlin Norm Classic mit Zargen, 180 x 80 cm, Ablauf links, Zarge hinten, Stahl, Schallisolierung, Tiefe 45 cm Weiss","Schmidlin","180 x 80"
"1113 125.100.000","Badewanne Kaldewei Vaio, 170 x 80 cm, Rückenteil links, Überlauf vorne, Stahl, Schallisolierung Umweltdeklaration EPD Weiss","Kaldewei","170 x 80"
"1111 496.100.000","Badewanne Schmidlin Kombi- Griff, 180 x 80 cm, Stahl, Schallisolierung, Tiefe 38 cm, ohne Griffe Weiss","Schmidlin","180 x 80"
"1111 285.100.000","Badewanne Schmidlin Sola 170 x 75 cm, Tiefe 45 cm Duschteil rechts Überlauf vorne Schallisolierung, Stahl Weiss","Schmidlin","170 x 75"
