"Urinal Beschreibung";"Urinal GTIN";"Unsere Art-Nr";"Element Art-Nr";"Element GTIN";"Element Beschreibung"
"Urinal D-Code, standard, ohne Zielobjekt";"4021534392214";"";"";"";""
"Urinal D-Code, standard, ohne Zielobjekt";"4021534392238";"";"3612 403";"4064746030840";"Urinoirelement Geberit- Duofix Typ 112/130, Höhe 112 - 130 cm, Breite 50 cm, Rohbauset für Steuerung Hytronic und HyTouch, Montagerahmen, Füsse verstellbar, Absperrventil ½"""
"Absauge-Urinal DuraStyle, standard, ohne Zielobjekt";"4021534863790";"";"3612 403";"4064746030840";"Urinoirelement Geberit- Duofix Typ 112/130, Höhe 112 - 130 cm, Breite 50 cm, Rohbauset für Steuerung Hytronic und HyTouch, Montagerahmen, Füsse verstellbar, Absperrventil ½"""
"Absauge-Urinal DuraStyle, standard, ohne Zielobjekt";"4021534923319";"";"3612 406";"4064746030925";"Urinoirelement Geberit- Duofix, Montagerahmen, Füsse verstellbar, Breite 50 cm, Höhe 112 - 130 cm, für Urinoirs Lema, Tamaro- VS New, Caprino Plus"
"Absauge-Urinal DuraStyle, standard, ohne Zielobjekt";"4021534923388";"";"3612 406";"4064746030925";"Urinoirelement Geberit- Duofix, Montagerahmen, Füsse verstellbar, Breite 50 cm, Höhe 112 - 130 cm, für Urinoirs Lema, Tamaro- VS New, Caprino Plus"
"Absauge-Urinal DuraStyle, standard, ohne Zielobjekt";"4021534923302";"";"3612 406";"4064746030925";"Urinoirelement Geberit- Duofix, Montagerahmen, Füsse verstellbar, Breite 50 cm, Höhe 112 - 130 cm, für Urinoirs Lema, Tamaro- VS New, Caprino Plus"
"Absauge-Urinal DuraStyle, standard, ohne Zielobjekt";"4021534923401";"";"3612 406";"4064746030925";"Urinoirelement Geberit- Duofix, Montagerahmen, Füsse verstellbar, Breite 50 cm, Höhe 112 - 130 cm, für Urinoirs Lema, Tamaro- VS New, Caprino Plus"
"Absauge-Urinal DuraStyle Dry, standard, ohne Zielobjekt";"4021534870927";"";"3612 406";"4064746030925";"Urinoirelement Geberit- Duofix, Montagerahmen, Füsse verstellbar, Breite 50 cm, Höhe 112 - 130 cm, für Urinoirs Lema, Tamaro- VS New, Caprino Plus"
"Urinal Duravit No. 1, standard, ohne Zielobjekt";"4063382182692";"";"";"";""
"Urinal Duravit No. 1, standard, ohne Zielobjekt";"4063382182678";"";"3612 403";"4064746030840";"Urinoirelement Geberit- Duofix Typ 112/130, Höhe 112 - 130 cm, Breite 50 cm, Rohbauset für Steuerung Hytronic und HyTouch, Montagerahmen, Füsse verstellbar, Absperrventil ½"""
"Absauge-Urinal Fizz, standard, ohne Zielobjekt";"4021534278259";"";"3612 403";"4064746030840";"Urinoirelement Geberit- Duofix Typ 112/130, Höhe 112 - 130 cm, Breite 50 cm, Rohbauset für Steuerung Hytronic und HyTouch, Montagerahmen, Füsse verstellbar, Absperrventil ½"""
"Absauge-Urinal Fizz, standard, ohne Zielobjekt";"4021534278013";"3421 160";"3612 403";"4064746030840";"Urinoirelement Geberit- Duofix Typ 112/130, Höhe 112 - 130 cm, Breite 50 cm, Rohbauset für Steuerung Hytronic und HyTouch, Montagerahmen, Füsse verstellbar, Absperrventil ½"""
"Absauge-Urinal Me by Starck, DuraShield";"4067116506969";"2141 867";"3612 403";"4064746030840";"Urinoirelement Geberit- Duofix Typ 112/130, Höhe 112 - 130 cm, Breite 50 cm, Rohbauset für Steuerung Hytronic und HyTouch, Montagerahmen, Füsse verstellbar, Absperrventil ½"""
"Absauge-Urinal Me by Starck, DuraShield";"4067116506617";"";"3612 406";"4064746030925";"Urinoirelement Geberit- Duofix, Montagerahmen, Füsse verstellbar, Breite 50 cm, Höhe 112 - 130 cm, für Urinoirs Lema, Tamaro- VS New, Caprino Plus"
"Absauge-Urinal Me by Starck, HygieneGlaze";"4053424052854";"";"3612 406";"4064746030925";"Urinoirelement Geberit- Duofix, Montagerahmen, Füsse verstellbar, Breite 50 cm, Höhe 112 - 130 cm, für Urinoirs Lema, Tamaro- VS New, Caprino Plus"
"Absauge-Urinal Me by Starck, standard, ohne Zielobjekt";"4053424052427";"";"3612 406";"4064746030925";"Urinoirelement Geberit- Duofix, Montagerahmen, Füsse verstellbar, Breite 50 cm, Höhe 112 - 130 cm, für Urinoirs Lema, Tamaro- VS New, Caprino Plus"
"Absauge-Urinal Me by Starck, DuraShield";"4067116507133";"";"3612 406";"4064746030925";"Urinoirelement Geberit- Duofix, Montagerahmen, Füsse verstellbar, Breite 50 cm, Höhe 112 - 130 cm, für Urinoirs Lema, Tamaro- VS New, Caprino Plus"
"Absauge-Urinal Me by Starck, HygieneGlaze";"4053424052830";"";"3612 406";"4064746030925";"Urinoirelement Geberit- Duofix, Montagerahmen, Füsse verstellbar, Breite 50 cm, Höhe 112 - 130 cm, für Urinoirs Lema, Tamaro- VS New, Caprino Plus"
"Absauge-Urinal Me by Starck, standard, ohne Zielobjekt";"4053424052373";"";"3612 406";"4064746030925";"Urinoirelement Geberit- Duofix, Montagerahmen, Füsse verstellbar, Breite 50 cm, Höhe 112 - 130 cm, für Urinoirs Lema, Tamaro- VS New, Caprino Plus"
"Absauge-Urinal Me by Starck, DuraShield";"4067116506952";"";"3612 403";"4064746030840";"Urinoirelement Geberit- Duofix Typ 112/130, Höhe 112 - 130 cm, Breite 50 cm, Rohbauset für Steuerung Hytronic und HyTouch, Montagerahmen, Füsse verstellbar, Absperrventil ½"""
"Absauge-Urinal Me by Starck, standard";"4053424506593";"";"3612 403";"4064746030840";"Urinoirelement Geberit- Duofix Typ 112/130, Höhe 112 - 130 cm, Breite 50 cm, Rohbauset für Steuerung Hytronic und HyTouch, Montagerahmen, Füsse verstellbar, Absperrventil ½"""
"Absauge-Urinal Me by Starck, HygieneGlaze";"4053424506616";"";"3612 403";"4064746030840";"Urinoirelement Geberit- Duofix Typ 112/130, Höhe 112 - 130 cm, Breite 50 cm, Rohbauset für Steuerung Hytronic und HyTouch, Montagerahmen, Füsse verstellbar, Absperrventil ½"""
"Urinal Starck 1, standard";"4021534103612";"2147 192";"3612 403";"4064746030840";"Urinoirelement Geberit- Duofix Typ 112/130, Höhe 112 - 130 cm, Breite 50 cm, Rohbauset für Steuerung Hytronic und HyTouch, Montagerahmen, Füsse verstellbar, Absperrventil ½"""
"Urinal Starck 1, standard";"4021534103636";"2147 193";"3612 403";"4064746030840";"Urinoirelement Geberit- Duofix Typ 112/130, Höhe 112 - 130 cm, Breite 50 cm, Rohbauset für Steuerung Hytronic und HyTouch, Montagerahmen, Füsse verstellbar, Absperrventil ½"""
"Absauge-Urinal Starck 3, standard, ohne Zielobjekt";"4021534224133";"";"3612 403";"4064746030840";"Urinoirelement Geberit- Duofix Typ 112/130, Höhe 112 - 130 cm, Breite 50 cm, Rohbauset für Steuerung Hytronic und HyTouch, Montagerahmen, Füsse verstellbar, Absperrventil ½"""
"Urinal Starck 3, standard, ohne Zielobjekt";"4021534346514";"";"3612 403";"4064746030840";"Urinoirelement Geberit- Duofix Typ 112/130, Höhe 112 - 130 cm, Breite 50 cm, Rohbauset für Steuerung Hytronic und HyTouch, Montagerahmen, Füsse verstellbar, Absperrventil ½"""
"Urinal Preda, standard";"4025416529828";"3421 202";"3612 404";"4064746030895";"Urinoirelement Geberit- Duofix, Montagerahmen, Füsse verstellbar, Wasseranschluss ½"", Breite 50 cm, Höhe 112 - 130 cm, für integrierte Steuerung, für Urinoirs Preda / Selva"
"Urinal Preda, standard";"4025416529873";"3421 203";"3612 404";"4064746030895";"Urinoirelement Geberit- Duofix, Montagerahmen, Füsse verstellbar, Wasseranschluss ½"", Breite 50 cm, Höhe 112 - 130 cm, für integrierte Steuerung, für Urinoirs Preda / Selva"
"Urinal Preda, standard";"4025416529903";"";"3612 404";"4064746030895";"Urinoirelement Geberit- Duofix, Montagerahmen, Füsse verstellbar, Wasseranschluss ½"", Breite 50 cm, Höhe 112 - 130 cm, für integrierte Steuerung, für Urinoirs Preda / Selva"
"Urinal Preda, standard";"4025416529033";"3421 201";"3612 407";"4064746030970";"Urinoirelement Geberit- Duofix, Montagerahmen, Füsse verstellbar, Wasseranschluss ½"", Breite 50 cm, Höhe 112 - 130 cm, für Urinoirsteuerungen, für Urinoirs Preda / Selva"
"Urinal Renova S, standard";"4064746027246";"";"3612 403";"4064746030840";"Urinoirelement Geberit- Duofix Typ 112/130, Höhe 112 - 130 cm, Breite 50 cm, Rohbauset für Steuerung Hytronic und HyTouch, Montagerahmen, Füsse verstellbar, Absperrventil ½"""
"Urinal Renova S, cleaneffect";"4064746027291";"";"3612 403";"4064746030840";"Urinoirelement Geberit- Duofix Typ 112/130, Höhe 112 - 130 cm, Breite 50 cm, Rohbauset für Steuerung Hytronic und HyTouch, Montagerahmen, Füsse verstellbar, Absperrventil ½"""
"Urinal Renova S, standard";"4064746028427";"";"3612 403";"4064746030840";"Urinoirelement Geberit- Duofix Typ 112/130, Höhe 112 - 130 cm, Breite 50 cm, Rohbauset für Steuerung Hytronic und HyTouch, Montagerahmen, Füsse verstellbar, Absperrventil ½"""
"Urinal Renova S, cleaneffect";"4064746028472";"";"3612 403";"4064746030840";"Urinoirelement Geberit- Duofix Typ 112/130, Höhe 112 - 130 cm, Breite 50 cm, Rohbauset für Steuerung Hytronic und HyTouch, Montagerahmen, Füsse verstellbar, Absperrventil ½"""
"Urinal Selva, standard";"4025416530282";"3421 212";"3612 404";"4064746030895";"Urinoirelement Geberit- Duofix, Montagerahmen, Füsse verstellbar, Wasseranschluss ½"", Breite 50 cm, Höhe 112 - 130 cm, für integrierte Steuerung, für Urinoirs Preda / Selva"
"Urinal Selva, standard";"4025416530312";"3421 213";"3612 404";"4064746030895";"Urinoirelement Geberit- Duofix, Montagerahmen, Füsse verstellbar, Wasseranschluss ½"", Breite 50 cm, Höhe 112 - 130 cm, für integrierte Steuerung, für Urinoirs Preda / Selva"
"Urinal Selva, standard";"4025416530404";"";"3612 404";"4064746030895";"Urinoirelement Geberit- Duofix, Montagerahmen, Füsse verstellbar, Wasseranschluss ½"", Breite 50 cm, Höhe 112 - 130 cm, für integrierte Steuerung, für Urinoirs Preda / Selva"
"Urinal Selva, standard";"4025416530091";"3421 211";"3612 407";"4064746030970";"Urinoirelement Geberit- Duofix, Montagerahmen, Füsse verstellbar, Wasseranschluss ½"", Breite 50 cm, Höhe 112 - 130 cm, für Urinoirsteuerungen, für Urinoirs Preda / Selva"
"Urinal Tamina, standard";"4025416696049";"3421 222";"3612 404";"4064746030895";"Urinoirelement Geberit- Duofix, Montagerahmen, Füsse verstellbar, Wasseranschluss ½"", Breite 50 cm, Höhe 112 - 130 cm, für integrierte Steuerung, für Urinoirs Preda / Selva"
"Urinal Tamina, standard";"4025416696070";"3421 223";"3612 404";"4064746030895";"Urinoirelement Geberit- Duofix, Montagerahmen, Füsse verstellbar, Wasseranschluss ½"", Breite 50 cm, Höhe 112 - 130 cm, für integrierte Steuerung, für Urinoirs Preda / Selva"
"Urinal Tamina, standard";"4025416696094";"";"3612 404";"4064746030895";"Urinoirelement Geberit- Duofix, Montagerahmen, Füsse verstellbar, Wasseranschluss ½"", Breite 50 cm, Höhe 112 - 130 cm, für integrierte Steuerung, für Urinoirs Preda / Selva"
"Urinal Tamina, standard";"4025416696018";"3421 221";"3612 407";"4064746030970";"Urinoirelement Geberit- Duofix, Montagerahmen, Füsse verstellbar, Wasseranschluss ½"", Breite 50 cm, Höhe 112 - 130 cm, für Urinoirsteuerungen, für Urinoirs Preda / Selva"
"Urinal EluPura Original Q, standard";"4059625478202";"";"3612 407";"4064746030970";"Urinoirelement Geberit- Duofix, Montagerahmen, Füsse verstellbar, Wasseranschluss ½"", Breite 50 cm, Höhe 112 - 130 cm, für Urinoirsteuerungen, für Urinoirs Preda / Selva"
"Urinal EluPura Original Q, SmartClean";"4059625536582";"";"3612 407";"4064746030970";"Urinoirelement Geberit- Duofix, Montagerahmen, Füsse verstellbar, Wasseranschluss ½"", Breite 50 cm, Höhe 112 - 130 cm, für Urinoirsteuerungen, für Urinoirs Preda / Selva"
"Urinal EluPura Original Q, HygieneEffect, SmartClean";"4059625478127";"";"3612 407";"4064746030970";"Urinoirelement Geberit- Duofix, Montagerahmen, Füsse verstellbar, Wasseranschluss ½"", Breite 50 cm, Höhe 112 - 130 cm, für Urinoirsteuerungen, für Urinoirs Preda / Selva"
"Urinal EluPura Original Q, standard";"4059625478196";"";"";"";""
"Urinal EluPura Original Q, SmartClean";"4059625536599";"";"";"";""
"Urinal EluPura Original Q, HygieneEffect";"4059625478110";"";"";"";""
"Urinal EluPura Original S, standard";"4059625536421";"";"3612 407";"4064746030970";"Urinoirelement Geberit- Duofix, Montagerahmen, Füsse verstellbar, Wasseranschluss ½"", Breite 50 cm, Höhe 112 - 130 cm, für Urinoirsteuerungen, für Urinoirs Preda / Selva"
"Urinal EluPura Original S, SmartClean";"4059625536445";"";"3612 407";"4064746030970";"Urinoirelement Geberit- Duofix, Montagerahmen, Füsse verstellbar, Wasseranschluss ½"", Breite 50 cm, Höhe 112 - 130 cm, für Urinoirsteuerungen, für Urinoirs Preda / Selva"
"Urinal EluPura Original S, HygieneEffect";"4059625536438";"";"3612 407";"4064746030970";"Urinoirelement Geberit- Duofix, Montagerahmen, Füsse verstellbar, Wasseranschluss ½"", Breite 50 cm, Höhe 112 - 130 cm, für Urinoirsteuerungen, für Urinoirs Preda / Selva"
"Urinal EluPura Original S, standard";"4059625536452";"";"";"";""
"Urinal EluPura Original S, SmartClean";"4059625536476";"";"";"";""
"Urinal EluPura Original S, HygieneEffect";"4059625536469";"";"";"";""
"Urinal Alessi One, standard, ohne Zielobjekt";"7612738079284";"";"3612 403";"4064746030840";"Urinoirelement Geberit- Duofix Typ 112/130, Höhe 112 - 130 cm, Breite 50 cm, Rohbauset für Steuerung Hytronic und HyTouch, Montagerahmen, Füsse verstellbar, Absperrventil ½"""
"Urinal Alessi One, cleanplus, ohne Zielobjekt";"4014804707481";"";"3612 403";"4064746030840";"Urinoirelement Geberit- Duofix Typ 112/130, Höhe 112 - 130 cm, Breite 50 cm, Rohbauset für Steuerung Hytronic und HyTouch, Montagerahmen, Füsse verstellbar, Absperrventil ½"""
"Urinal Alessi One, standard, ohne Zielobjekt";"7612738079253";"";"3612 403";"4064746030840";"Urinoirelement Geberit- Duofix Typ 112/130, Höhe 112 - 130 cm, Breite 50 cm, Rohbauset für Steuerung Hytronic und HyTouch, Montagerahmen, Füsse verstellbar, Absperrventil ½"""
"Urinal Alessi One, cleanplus, ohne Zielobjekt";"4014804707429";"2121 197";"3612 403";"4064746030840";"Urinoirelement Geberit- Duofix Typ 112/130, Höhe 112 - 130 cm, Breite 50 cm, Rohbauset für Steuerung Hytronic und HyTouch, Montagerahmen, Füsse verstellbar, Absperrventil ½"""
"Absauge-Urinal Caprino Plus, standard, ohne Zielobjekt";"7612738964269";"3411 134";"3612 403";"4064746030840";"Urinoirelement Geberit- Duofix Typ 112/130, Höhe 112 - 130 cm, Breite 50 cm, Rohbauset für Steuerung Hytronic und HyTouch, Montagerahmen, Füsse verstellbar, Absperrventil ½"""
"Absauge-Urinal Caprino Plus, cleanplus, ohne Zielobjekt";"7612738964276";"3411 134";"3612 403";"4064746030840";"Urinoirelement Geberit- Duofix Typ 112/130, Höhe 112 - 130 cm, Breite 50 cm, Rohbauset für Steuerung Hytronic und HyTouch, Montagerahmen, Füsse verstellbar, Absperrventil ½"""
"Absauge-Urinal Caprino Plus, standard, ohne Zielobjekt";"7612738978716";"3411 131";"3612 406";"4064746030925";"Urinoirelement Geberit- Duofix, Montagerahmen, Füsse verstellbar, Breite 50 cm, Höhe 112 - 130 cm, für Urinoirs Lema, Tamaro- VS New, Caprino Plus"
"Absauge-Urinal Caprino Plus, cleanplus, ohne Zielobjekt";"7612738978723";"3411 131";"3612 406";"4064746030925";"Urinoirelement Geberit- Duofix, Montagerahmen, Füsse verstellbar, Breite 50 cm, Höhe 112 - 130 cm, für Urinoirs Lema, Tamaro- VS New, Caprino Plus"
"Absauge-Urinal Caprino Plus, standard, ohne Zielobjekt";"7612738976804";"3411 133";"3612 406";"4064746030925";"Urinoirelement Geberit- Duofix, Montagerahmen, Füsse verstellbar, Breite 50 cm, Höhe 112 - 130 cm, für Urinoirs Lema, Tamaro- VS New, Caprino Plus"
"Absauge-Urinal Caprino Plus, cleanplus, ohne Zielobjekt";"7612738976811";"3411 133";"3612 406";"4064746030925";"Urinoirelement Geberit- Duofix, Montagerahmen, Füsse verstellbar, Breite 50 cm, Höhe 112 - 130 cm, für Urinoirs Lema, Tamaro- VS New, Caprino Plus"
"Absauge-Urinal Lema, standard, ohne Zielobjekt";"7612738956479";"3411 125";"3612 406";"4064746030925";"Urinoirelement Geberit- Duofix, Montagerahmen, Füsse verstellbar, Breite 50 cm, Höhe 112 - 130 cm, für Urinoirs Lema, Tamaro- VS New, Caprino Plus"
"Absauge-Urinal Lema, cleanplus, ohne Zielobjekt";"7612738956486";"3411 125";"3612 406";"4064746030925";"Urinoirelement Geberit- Duofix, Montagerahmen, Füsse verstellbar, Breite 50 cm, Höhe 112 - 130 cm, für Urinoirs Lema, Tamaro- VS New, Caprino Plus"
"Absauge-Urinal Lema, standard, ohne Zielobjekt";"7612738956554";"3411 126";"3612 403";"4064746030840";"Urinoirelement Geberit- Duofix Typ 112/130, Höhe 112 - 130 cm, Breite 50 cm, Rohbauset für Steuerung Hytronic und HyTouch, Montagerahmen, Füsse verstellbar, Absperrventil ½"""
"Absauge-Urinal Lema, cleanplus, ohne Zielobjekt";"7612738956561";"3411 126";"3612 403";"4064746030840";"Urinoirelement Geberit- Duofix Typ 112/130, Höhe 112 - 130 cm, Breite 50 cm, Rohbauset für Steuerung Hytronic und HyTouch, Montagerahmen, Füsse verstellbar, Absperrventil ½"""
"Urinal wasserlos Lema, standard, ohne Zielobjekt";"7612738956592";"3411 127";"3612 406";"4064746030925";"Urinoirelement Geberit- Duofix, Montagerahmen, Füsse verstellbar, Breite 50 cm, Höhe 112 - 130 cm, für Urinoirs Lema, Tamaro- VS New, Caprino Plus"
"Urinal wasserlos Lema, cleanplus, ohne Zielobjekt";"7612738956608";"3411 127";"3612 406";"4064746030925";"Urinoirelement Geberit- Duofix, Montagerahmen, Füsse verstellbar, Breite 50 cm, Höhe 112 - 130 cm, für Urinoirs Lema, Tamaro- VS New, Caprino Plus"
"Urinal LEMA, standard, ohne Zielobjekt";"7612738956516";"3411 128";"";"";""
"Urinal LEMA, cleanplus, ohne Zielobjekt";"7612738956523";"3411 128";"";"";""
"Urinal Tamaro, standard, ohne Zielobjekt";"4014804094048";"3421 103";"3612 402";"4064746030796";"Urinoirelement Geberit- Duofix Typ 144, Höhe 144 cm, Breite 50 cm, Rohbauset für Steuerung Hytronic und HyTouch, Montagerahmen, Füsse verstellbar, Absperrventil ½"", für Urinoirs Tamaro"
"Absauge-Urinal Tamaro-S90, standard, ohne Zielobjekt";"7612738289041";"3411 102";"3612 405";"4064746030901";"Urinoirelement Geberit- Duofix, Montagerahmen, Füsse verstellbar, Wasseranschluss ½"", Breite 50 cm, Höhe 112 cm, für Urinoirs Tamaro"
"Absauge-Urinal Tamaro-S90, standard, ohne Zielobjekt";"7612738289409";"3411 104";"3612 405";"4064746030901";"Urinoirelement Geberit- Duofix, Montagerahmen, Füsse verstellbar, Wasseranschluss ½"", Breite 50 cm, Höhe 112 cm, für Urinoirs Tamaro"
"Absauge-Urinal Tamaro-VS New, standard, ohne Zielobjekt";"7612738976958";"3411 105";"3612 406";"4064746030925";"Urinoirelement Geberit- Duofix, Montagerahmen, Füsse verstellbar, Breite 50 cm, Höhe 112 - 130 cm, für Urinoirs Lema, Tamaro- VS New, Caprino Plus"
"Absauge-Urinal Tamaro-VS New, cleanplus, ohne Zielobjekt";"7612738976965";"3411 105";"3612 406";"4064746030925";"Urinoirelement Geberit- Duofix, Montagerahmen, Füsse verstellbar, Breite 50 cm, Höhe 112 - 130 cm, für Urinoirs Lema, Tamaro- VS New, Caprino Plus"
"Urinal TAMARO-VS NEW, standard, ohne Zielobjekt";"7612738976996";"3411 106";"3612 406";"4064746030925";"Urinoirelement Geberit- Duofix, Montagerahmen, Füsse verstellbar, Breite 50 cm, Höhe 112 - 130 cm, für Urinoirs Lema, Tamaro- VS New, Caprino Plus"
"Urinal TAMARO-VS NEW, cleanplus, ohne Zielobjekt";"7612738977009";"3411 106";"3612 406";"4064746030925";"Urinoirelement Geberit- Duofix, Montagerahmen, Füsse verstellbar, Breite 50 cm, Höhe 112 - 130 cm, für Urinoirs Lema, Tamaro- VS New, Caprino Plus"
"Urinal Taro-Nova, standard, ohne Zielobjekt";"4014804092914";"3421 120";"3612 402";"4064746030796";"Urinoirelement Geberit- Duofix Typ 144, Höhe 144 cm, Breite 50 cm, Rohbauset für Steuerung Hytronic und HyTouch, Montagerahmen, Füsse verstellbar, Absperrventil ½"", für Urinoirs Tamaro"
"Urinal Taro-Uni, standard, ohne Zielobjekt";"4014804093232";"3421 125";"";"";""
"Absauge-Urinal Val, standard, ohne Zielobjekt";"7612738937713";"2112 888";"3612 403";"4064746030840";"Urinoirelement Geberit- Duofix Typ 112/130, Höhe 112 - 130 cm, Breite 50 cm, Rohbauset für Steuerung Hytronic und HyTouch, Montagerahmen, Füsse verstellbar, Absperrventil ½"""
"Absauge-Urinal Val, cleanplus, ohne Zielobjekt";"7612738976699";"2112 888";"3612 403";"4064746030840";"Urinoirelement Geberit- Duofix Typ 112/130, Höhe 112 - 130 cm, Breite 50 cm, Rohbauset für Steuerung Hytronic und HyTouch, Montagerahmen, Füsse verstellbar, Absperrventil ½"""
"Absauge-Urinal Val, standard, ohne Zielobjekt";"7612738937720";"2112 887";"3612 403";"4064746030840";"Urinoirelement Geberit- Duofix Typ 112/130, Höhe 112 - 130 cm, Breite 50 cm, Rohbauset für Steuerung Hytronic und HyTouch, Montagerahmen, Füsse verstellbar, Absperrventil ½"""
"Absauge-Urinal Val, cleanplus, ohne Zielobjekt";"7612738976729";"2112 887";"3612 403";"4064746030840";"Urinoirelement Geberit- Duofix Typ 112/130, Höhe 112 - 130 cm, Breite 50 cm, Rohbauset für Steuerung Hytronic und HyTouch, Montagerahmen, Füsse verstellbar, Absperrventil ½"""
"Absauge-Urinal Val, standard, ohne Zielobjekt";"7612738957124";"2112 886";"3612 406";"4064746030925";"Urinoirelement Geberit- Duofix, Montagerahmen, Füsse verstellbar, Breite 50 cm, Höhe 112 - 130 cm, für Urinoirs Lema, Tamaro- VS New, Caprino Plus"
"Absauge-Urinal Val, cleanplus, ohne Zielobjekt";"7612738957131";"2112 886";"3612 406";"4064746030925";"Urinoirelement Geberit- Duofix, Montagerahmen, Füsse verstellbar, Breite 50 cm, Höhe 112 - 130 cm, für Urinoirs Lema, Tamaro- VS New, Caprino Plus"
"Urinal Vila 2.0, standard, ohne Zielobjekt";"7612738161941";"3421 142";"3612 403";"4064746030840";"Urinoirelement Geberit- Duofix Typ 112/130, Höhe 112 - 130 cm, Breite 50 cm, Rohbauset für Steuerung Hytronic und HyTouch, Montagerahmen, Füsse verstellbar, Absperrventil ½"""
"Urinal Vila 2.0, standard, ohne Zielobjekt";"7612738162023";"3421 143";"3612 403";"4064746030840";"Urinoirelement Geberit- Duofix Typ 112/130, Höhe 112 - 130 cm, Breite 50 cm, Rohbauset für Steuerung Hytronic und HyTouch, Montagerahmen, Füsse verstellbar, Absperrventil ½"""
"Urinal Vila 2.0, standard, ohne Zielobjekt";"7612738162108";"3421 144";"3612 404";"4064746030895";"Urinoirelement Geberit- Duofix, Montagerahmen, Füsse verstellbar, Wasseranschluss ½"", Breite 50 cm, Höhe 112 - 130 cm, für integrierte Steuerung, für Urinoirs Preda / Selva"
"Urinal Vila 2.0, standard, ohne Zielobjekt";"7612738162184";"3421 146";"3612 404";"4064746030895";"Urinoirelement Geberit- Duofix, Montagerahmen, Füsse verstellbar, Wasseranschluss ½"", Breite 50 cm, Höhe 112 - 130 cm, für integrierte Steuerung, für Urinoirs Preda / Selva"
"Urinal Vila 2.0, standard, ohne Zielobjekt";"7612738162269";"3421 147";"3612 404";"4064746030895";"Urinoirelement Geberit- Duofix, Montagerahmen, Füsse verstellbar, Wasseranschluss ½"", Breite 50 cm, Höhe 112 - 130 cm, für integrierte Steuerung, für Urinoirs Preda / Selva"
"Urinal Vila 2.0, standard, ohne Zielobjekt";"7612738162344";"3421 148";"3612 404";"4064746030895";"Urinoirelement Geberit- Duofix, Montagerahmen, Füsse verstellbar, Wasseranschluss ½"", Breite 50 cm, Höhe 112 - 130 cm, für integrierte Steuerung, für Urinoirs Preda / Selva"
"Urinal Modico Community, standard";"8056590015780";"";"3612 403";"4064746030840";"Urinoirelement Geberit- Duofix Typ 112/130, Höhe 112 - 130 cm, Breite 50 cm, Rohbauset für Steuerung Hytronic und HyTouch, Montagerahmen, Füsse verstellbar, Absperrventil ½"""
"Urinal Modico Community, standard";"8056590015827";"";"3612 403";"4064746030840";"Urinoirelement Geberit- Duofix Typ 112/130, Höhe 112 - 130 cm, Breite 50 cm, Rohbauset für Steuerung Hytronic und HyTouch, Montagerahmen, Füsse verstellbar, Absperrventil ½"""
"Urinal Modico Community, standard";"8032937818283";"";"3612 403";"4064746030840";"Urinoirelement Geberit- Duofix Typ 112/130, Höhe 112 - 130 cm, Breite 50 cm, Rohbauset für Steuerung Hytronic und HyTouch, Montagerahmen, Füsse verstellbar, Absperrventil ½"""
"Urinal Modico Community, standard";"8032937818306";"";"3612 403";"4064746030840";"Urinoirelement Geberit- Duofix Typ 112/130, Höhe 112 - 130 cm, Breite 50 cm, Rohbauset für Steuerung Hytronic und HyTouch, Montagerahmen, Füsse verstellbar, Absperrventil ½"""
"Urinal Architectura, standard";"4051202232108";"";"3612 403";"4064746030840";"Urinoirelement Geberit- Duofix Typ 112/130, Höhe 112 - 130 cm, Breite 50 cm, Rohbauset für Steuerung Hytronic und HyTouch, Montagerahmen, Füsse verstellbar, Absperrventil ½"""
"Urinal Architectura, cleaneffect";"4051202232115";"";"3612 403";"4064746030840";"Urinoirelement Geberit- Duofix Typ 112/130, Höhe 112 - 130 cm, Breite 50 cm, Rohbauset für Steuerung Hytronic und HyTouch, Montagerahmen, Füsse verstellbar, Absperrventil ½"""
"Urinal Architectura, standard";"4051202242589";"";"3612 403";"4064746030840";"Urinoirelement Geberit- Duofix Typ 112/130, Höhe 112 - 130 cm, Breite 50 cm, Rohbauset für Steuerung Hytronic und HyTouch, Montagerahmen, Füsse verstellbar, Absperrventil ½"""
"Urinal Architectura, cleaneffect";"4051202242572";"";"3612 403";"4064746030840";"Urinoirelement Geberit- Duofix Typ 112/130, Höhe 112 - 130 cm, Breite 50 cm, Rohbauset für Steuerung Hytronic und HyTouch, Montagerahmen, Füsse verstellbar, Absperrventil ½"""
"Absauge-Urinal O.Novo, standard";"4051202555160";"";"3612 403";"4064746030840";"Urinoirelement Geberit- Duofix Typ 112/130, Höhe 112 - 130 cm, Breite 50 cm, Rohbauset für Steuerung Hytronic und HyTouch, Montagerahmen, Füsse verstellbar, Absperrventil ½"""
"Absauge-Urinal O.Novo, cleaneffect";"4051202555191";"";"3612 403";"4064746030840";"Urinoirelement Geberit- Duofix Typ 112/130, Höhe 112 - 130 cm, Breite 50 cm, Rohbauset für Steuerung Hytronic und HyTouch, Montagerahmen, Füsse verstellbar, Absperrventil ½"""
"Absauge-Urinal O.Novo, standard";"4051202555771";"";"";"";""
"Absauge-Urinal O.Novo, cleaneffect";"4051202555740";"";"";"";""
"Urinal Subway, standard";"4022693615121";"";"3612 403";"4064746030840";"Urinoirelement Geberit- Duofix Typ 112/130, Höhe 112 - 130 cm, Breite 50 cm, Rohbauset für Steuerung Hytronic und HyTouch, Montagerahmen, Füsse verstellbar, Absperrventil ½"""
"Urinal Subway, cleaneffect";"4022693615176";"";"3612 403";"4064746030840";"Urinoirelement Geberit- Duofix Typ 112/130, Höhe 112 - 130 cm, Breite 50 cm, Rohbauset für Steuerung Hytronic und HyTouch, Montagerahmen, Füsse verstellbar, Absperrventil ½"""
"Urinal Subway, standard";"4022693615022";"2317 385";"3612 403";"4064746030840";"Urinoirelement Geberit- Duofix Typ 112/130, Höhe 112 - 130 cm, Breite 50 cm, Rohbauset für Steuerung Hytronic und HyTouch, Montagerahmen, Füsse verstellbar, Absperrventil ½"""
"Urinal Subway, cleaneffect";"4022693615077";"2317 385";"3612 403";"4064746030840";"Urinoirelement Geberit- Duofix Typ 112/130, Höhe 112 - 130 cm, Breite 50 cm, Rohbauset für Steuerung Hytronic und HyTouch, Montagerahmen, Füsse verstellbar, Absperrventil ½"""
"Absauge-Urinal Venticello, standard";"4051202562120";"";"3612 403";"4064746030840";"Urinoirelement Geberit- Duofix Typ 112/130, Höhe 112 - 130 cm, Breite 50 cm, Rohbauset für Steuerung Hytronic und HyTouch, Montagerahmen, Füsse verstellbar, Absperrventil ½"""
"Absauge-Urinal Venticello, cleaneffect";"4051202562137";"";"3612 403";"4064746030840";"Urinoirelement Geberit- Duofix Typ 112/130, Höhe 112 - 130 cm, Breite 50 cm, Rohbauset für Steuerung Hytronic und HyTouch, Montagerahmen, Füsse verstellbar, Absperrventil ½"""
"Absauge-Urinal Venticello, standard";"4051202562151";"";"3612 403";"4064746030840";"Urinoirelement Geberit- Duofix Typ 112/130, Höhe 112 - 130 cm, Breite 50 cm, Rohbauset für Steuerung Hytronic und HyTouch, Montagerahmen, Füsse verstellbar, Absperrventil ½"""
"Absauge-Urinal Venticello, cleaneffect";"4051202562175";"";"3612 403";"4064746030840";"Urinoirelement Geberit- Duofix Typ 112/130, Höhe 112 - 130 cm, Breite 50 cm, Rohbauset für Steuerung Hytronic und HyTouch, Montagerahmen, Füsse verstellbar, Absperrventil ½"""
