Position,Quantity,ArticleNumber,Description,Currency,UnitPrice,TotalPrice
10,1.0,1311 207.100.000,"""ST Duschenwanne Schmidlin, 90 x"" ""75 x 6,5 cm, Stahl,"" ""Schallisolierung, Ablauf"" ""Längsseite vorne rechts,"" Ablaufloch Ø 90 mm Weiss",URP,714.00,714.00
20,1.0,1311 006.100.000,"""ST Duschenwanne Schmidlin, 80 x"" ""80 x 6,5 cm, Schallisolierung,"" ""Stahl, Ablaufloch Ø 90 mm"" Weiss 30 1.0 1311 259.100.000 URP 1'100.00 1'100.00 ""ST Duschenwanne Schmidlin, 120 x"" ""100 x 6,5 cm, Stahl,"" ""Schallisolierung, Ablauf"" ""Schmalseite Mitte, Ablaufloch"" Ø 90 mm Weiss 40 1.0 1311 249.100.000 URP 1'097.00 1'097.00 ""ST Duschenwanne Schmidlin, 120 x"" ""75 x 6,5 cm, Stahl,"" ""Schallisolierung, Ablauf"" ""Schmalseite Mitte, Ablaufloch"" Ø 90 mm Weiss 50 1.0 1311 244.100.000 URP 1'030.00 1'030.00 ""ST Duschenwanne Schmidlin, 100 x"" ""70 x 6,5 cm, Stahl,"" ""Schallisolierung, Ablauf"" ""Schmalseite Mitte, Ablaufloch"" ""Ø 90 mm, Montagerahmen"" Schmidlin siehe 1435 122 - 151 / 270 - 277 Weiss",URP,643.00,643.00
60,1.0,1311 245.100.000,"""ST Duschenwanne Schmidlin, 100 x"" ""75 x 6,5 cm, Stahl,"" ""Schallisolierung, Ablauf"" ""Schmalseite Mitte, Ablaufloch"" Ø 90 mm Weiss 22.05.2026/00:02:27 https://profishop.sanitastroesch.ch",URP,963.00,963.00
70,1.0,1311 205.100.000,"""ST Duschenwanne Schmidlin, 80 x"" ""75 x 6,5 cm, Stahl,"" ""Schallisolierung, Ablauf"" ""Längsseite vorne rechts,"" Ablaufloch Ø 90 mm Weiss 80 1.0 1311 151.100.000 URP 1'006.00 1'006.00 ""ST Duschenwanne Schmidlin, 100 x"" ""100 x 6,5 cm, Stahl,"" ""Schallisolierung, Ablaufloch Ø"" 90 mm Weiss",URP,709.00,709.00
90,1.0,1311 206.100.000,"""ST Duschenwanne Schmidlin, 90 x"" ""70 x 6,5 cm, Stahl,"" ""Schallisolierung, Ablauf"" ""Längsseite vorne rechts,"" Ablaufloch Ø 90 mm Weiss 100 1.0 1311 257.100.000 URP 1'097.00 1'097.00 ""ST Duschenwanne Schmidlin, 120 x"" ""80 x 6,5 cm, Stahl,"" ""Schallisolierung, Ablauf"" ""Schmalseite Mitte, Ablaufloch"" Ø 90 mm Weiss 110 1.0 1311 247.100.000 URP 1'061.00 1'061.00 ""ST Duschenwanne Schmidlin, 110 x"" ""90 x 6,5 cm, Stahl,"" ""Schallisolierung, Ablauf"" ""Schmalseite Mitte, Ablaufloch"" Ø 90 mm Weiss 120 1.0 1311 272.100.000 URP 1'265.00 1'265.00 Duschenwanne Schmidlin Ablauf Schmalseite Mitte 130 x 90 x 6.5 cm Ablaufloch Ø 90 mm ""Schallisolierung, Stahl"" Weiss 22.05.2026/00:02:27 https://profishop.sanitastroesch.ch 130 1.0 1311 253.100.000 URP 1'277.00 1'277.00 ""ST Duschenwanne Schmidlin, 120 x"" ""110 x 6,5 cm, Stahl,"" ""Schallisolierung, Ablauf"" ""Schmalseite Mitte, Ablaufloch"" ""Ø 90 mm, Montagerahmen"" Schmidlin siehe 1435 152 - 164 / 278 - 281 Weiss",URP,741.00,741.00
140,1.0,1311 007.100.000,"""ST Duschenwanne Schmidlin, 90 x"" ""90 x 6,5 cm, Schallisolierung,"" ""Stahl, Ablaufloch Ø 90 mm"" Weiss 150 1.0 1311 248.100.000 URP 1'104.00 1'104.00 ""ST Duschenwanne Schmidlin, 120 x"" ""70 x 6,5 cm, Stahl,"" ""Schallisolierung, Ablauf"" ""Schmalseite Mitte, Ablaufloch"" Ø 90 mm Weiss",URP,683.00,683.00
160,1.0,1311 255.100.000,"""ST Duschenwanne Schmidlin, 100 x"" ""90 x 6,5 cm, Stahl,"" ""Schallisolierung, Ablauf"" ""Schmalseite Mitte, Ablaufloch"" Ø 90 mm Weiss 170 1.0 1311 274.100.000 URP 1'638.00 1'638.00 Duschenwanne Schmidlin Ablauf Schmalseite Mitte 130 x 130 x 6.5 cm Ablaufloch Ø 90 mm ""Schallisolierung, Stahl"" Weiss 180 1.0 1311 271.100.000 URP 1'265.00 1'265.00 Duschenwanne Schmidlin Ablauf Schmalseite Mitte 130 x 80 x 6.5 cm Ablaufloch Ø 90 mm ""Schallisolierung, Stahl"" Weiss 22.05.2026/00:02:27 https://profishop.sanitastroesch.ch 190 1.0 1311 254.100.000 URP 1'192.00 1'192.00 Duschenwanne Schmidlin Ablauf Schmalseite Mitte 120 x 120 x 6.5 cm Ablaufloch Ø 90 mm ""Schallisolierung, Stahl"" Weiss",URP,963.00,963.00
200,1.0,1311 208.100.000,"""ST Duschenwanne Schmidlin, 90 x"" ""80 x 6,5 cm, Stahl,"" ""Schallisolierung, Ablauf"" ""Längsseite vorne rechts,"" Ablaufloch Ø 90 mm Weiss 210 1.0 1311 258.100.000 URP 1'142.00 1'142.00 ""ST Duschenwanne Schmidlin, 120 x"" ""90 x 6,5 cm, Stahl,"" ""Schallisolierung, Ablauf"" ""Schmalseite Mitte, Ablaufloch"" Ø 90 mm Weiss",URP,787.00,787.00
220,1.0,1311 256.100.000,"""ST Duschenwanne Schmidlin, 100 x"" ""80 x 6,5 cm, Stahl,"" ""Schallisolierung, Ablauf"" ""Schmalseite Mitte, Ablaufloch"" Ø 90 mm Weiss 230 1.0 1311 273.100.000 URP 1'265.00 1'265.00 Duschenwanne Schmidlin Ablauf Schmalseite Mitte 130 x 100 x 6.5 cm Ablaufloch Ø 90 mm ""Schallisolierung, Stahl"" Weiss 240 1.0 1311 246.100.000 URP 1'127.00 1'127.00 ""ST Duschenwanne Schmidlin, 110 x"" ""80 x 6,5 cm, Stahl,"" ""Schallisolierung, Ablauf"" ""Schmalseite Mitte, Ablaufloch"" Ø 90 mm Weiss 22.05.2026/00:02:27 https://profishop.sanitastroesch.ch 250 1.0 1311 263.100.000 URP 1'070.00 1'070.00 ""ST Duschenwanne Schmidlin, 120 x"" ""90 x 15 cm, Stahl,"" ""Schallisolierung, Ablauf"" Schmalseite Mitte Weiss 260 1.0 1311 267.100.000 URP 1'019.00 1'019.00 ""ST Duschenwanne Schmidlin, 120 x"" ""75 x 15 cm, Stahl,"" ""Schallisolierung, Ablauf"" Schmalseite Mitte Weiss",URP,963.00,963.00
270,1.0,1311 221.100.000,"""ST Duschenwanne Schmidlin, 90 x"" ""70 x 15 cm, Stahl,"" ""Schallisolierung, Ablauf"" Längsseite vorne rechts Weiss 280 1.0 1311 270.100.000 URP 1'106.00 1'106.00 ""ST Duschenwanne Schmidlin, 120 x"" ""100 x 15 cm, Stahl,"" ""Schallisolierung, Ablauf"" Schmalseite Mitte Weiss",URP,539.00,539.00
290,1.0,1311 261.100.000,"""ST Duschenwanne Schmidlin, 100 x"" ""80 x 15 cm, Stahl,"" ""Schallisolierung, Ablauf"" Schmalseite Mitte Weiss",URP,782.00,782.00
300,1.0,1311 264.100.000,"""ST Duschenwanne Schmidlin, 100 x"" ""70 x 15 cm, Stahl,"" ""Schallisolierung, Ablauf"" Schmalseite Mitte Weiss",URP,853.00,853.00
310,1.0,1311 120.100.000,"""ST Duschenwanne Schmidlin, 70 x"" ""70 x 15 cm, Schallisolierung,"" Stahl Weiss 22.05.2026/00:02:27 https://profishop.sanitastroesch.ch",URP,554.00,554.00
320,1.0,1311 122.100.000,"""ST Duschenwanne Schmidlin, 90 x"" ""90 x 15 cm, Schallisolierung,"" Stahl Weiss",URP,445.00,445.00
330,1.0,1311 155.100.000,"""ST Duschenwanne Schmidlin, 100 x"" ""100 x 15 cm, Schallisolierung,"" ""Stahl, Montagerahmen Schmidlin"" siehe 1435 128 / 1435 274 Weiss",URP,886.00,886.00
340,1.0,1311 223.100.000,"""ST Duschenwanne Schmidlin, 90 x"" ""80 x 15 cm, Stahl,"" ""Schallisolierung, Ablauf"" Längsseite vorne rechts Weiss",URP,592.00,592.00
350,1.0,1311 266.100.000,"""ST Duschenwanne Schmidlin, 110 x"" ""80 x 15 cm, Stahl,"" ""Schallisolierung, Ablauf"" Schmalseite Mitte Weiss",URP,966.00,966.00
360,1.0,1311 260.100.000,"""ST Duschenwanne Schmidlin, 100 x"" ""90 x 15 cm, Stahl,"" ""Schallisolierung, Ablauf"" Schmalseite Mitte Weiss",URP,853.00,853.00
370,1.0,1311 121.100.000,"""ST Duschenwanne Schmidlin, 80 x"" ""80 x 15 cm, Schallisolierung,"" Stahl Weiss",URP,378.00,378.00
380,1.0,1311 265.100.000,"""ST Duschenwanne Schmidlin, 100 x"" ""75 x 15 cm, Stahl,"" ""Schallisolierung, Ablauf"" Schmalseite Mitte Weiss 22.05.2026/00:02:27 https://profishop.sanitastroesch.ch",URP,853.00,853.00
390,1.0,1311 222.100.000,"""ST Duschenwanne Schmidlin, 90 x"" ""75 x 15 cm, Stahl,"" ""Schallisolierung, Ablauf"" Längsseite vorne rechts Weiss",URP,452.00,452.00
400,1.0,1311 262.100.000,"""ST Duschenwanne Schmidlin, 120 x"" ""80 x 15 cm, Stahl,"" ""Schallisolierung, Ablauf"" Schmalseite Mitte Weiss",URP,937.00,937.00
410,1.0,1311 416.100.000,"""ST Duschenwanne Schmidlin, 90 x"" ""75 x 2,5 cm, Stahl,"" ""Schallisolierung, Ablauf"" ""Längsseite vorne rechts,"" Ablaufloch Ø 90 mm Weiss 420 1.0 1311 173.100.000 URP 1'351.00 1'351.00 Duschenwanne Schmidlin Vario ""97 - 105 x 67 - 110 x 2,5 cm"" Ablaufloch Ø 90 mm ""Stahl, Schallisolierung"" (Gem. Konfigurationscode Schmidlin) Weiss",URP,748.00,748.00
430,1.0,1311 422.100.000,"""ST Duschenwanne Schmidlin, 100 x"" ""80 x 2,5 cm, Stahl,"" ""Schallisolierung, Ablauf"" ""Schmalseite Mitte, Ablaufloch"" Ø 90 mm Weiss 440 1.0 1311 409.100.000 URP 1'037.00 1'037.00 ""ST Duschenwanne Schmidlin, 100 x"" ""70 x 2,5 cm, Stahl,"" ""Schallisolierung, Ablauf"" ""Schmalseite Mitte, Ablaufloch"" Ø 90 mm Weiss 22.05.2026/00:02:27 https://profishop.sanitastroesch.ch",URP,968.00,968.00
450,1.0,1311 408.100.000,"""ST Duschenwanne Schmidlin, 90 x"" ""90 x 2,5 cm, Stahl,"" ""Schallisolierung, Ablaufloch Ø"" 90 mm Weiss 460 1.0 1311 171.100.000 URP 1'192.00 1'192.00 Duschenwanne Schmidlin Vario ""76 - 85 x 66 - 89 x 2,5 cm"" Ablaufloch Ø 90 mm ""Stahl, Schallisolierung"" (Gem. Konfigurationscode Schmidlin) Weiss",URP,715.00,715.00
470,1.0,1311 415.100.000,"""ST Duschenwanne Schmidlin, 90 x"" ""70 x 2,5 cm, Stahl,"" ""Schallisolierung, Ablauf"" ""Längsseite vorne rechts,"" Ablaufloch Ø 90 mm Weiss",URP,784.00,784.00
480,1.0,1311 417.100.000,"""ST Duschenwanne Schmidlin, 90 x"" ""80 x 2,5 cm, Stahl,"" ""Schallisolierung, Ablauf"" ""Längsseite vorne rechts,"" Ablaufloch Ø 90 mm Weiss",URP,784.00,784.00
490,1.0,1311 411.100.000,"""ST Duschenwanne Schmidlin, 100 x"" ""100 x 2,5 cm, Stahl,"" ""Schallisolierung, Ablaufloch Ø"" 90 mm Weiss 500 1.0 1311 170.100.000 URP 1'168.00 1'168.00 Duschenwanne Schmidlin Vario ""67 - 75 x 67 - 79 x 2,5 cm"" Ablaufloch Ø 90 mm ""Stahl, Schallisolierung"" (Gem. Konfigurationscode Schmidlin) Weiss 22.05.2026/00:02:27 https://profishop.sanitastroesch.ch 510 1.0 1311 424.100.000 URP 1'001.00 1'001.00 ""ST Duschenwanne Schmidlin, 100 x"" ""90 x 2,5 cm, Stahl,"" ""Schallisolierung, Ablauf"" ""Schmalseite Mitte, Ablaufloch"" Ø 90 mm Weiss 520 1.0 1311 172.100.000 URP 1'247.00 1'247.00 Duschenwanne Schmidlin Vario ""86 - 96 x 56 - 95 x 2,5 cm"" Ablaufloch Ø 90 mm ""Stahl, Schallisolierung"" (Gem. Konfigurationscode Schmidlin) Weiss",URP,988.00,988.00
530,1.0,1311 421.100.000,"""ST Duschenwanne Schmidlin, 100 x"" ""75 x 2,5 cm, Stahl,"" ""Schallisolierung, Ablauf"" ""Schmalseite Mitte, Ablaufloch"" Ø 90 mm Weiss 540 1.0 1311 174.100.000 URP 1'506.00 1'506.00 Duschenwanne Schmidlin Vario ""106 - 115 x 67 - 114 x 3,5 cm"" Ablaufloch Ø 90 mm ""Stahl, Schallisolierung"" (Gem. Konfigurationscode Schmidlin) Weiss",URP,968.00,968.00
550,1.0,1311 407.100.000,"""ST Duschenwanne Schmidlin, 80 x"" ""80 x 3,5 cm, Stahl,"" ""Schallisolierung, Ablaufloch Ø"" 90 mm Weiss 560 1.0 1311 180.100.000 URP 1'777.00 1'777.00 Duschenwanne Schmidlin Vario ""188 - 190 x 77 - 125 x 3,5 cm"" Ablaufloch Ø 90 mm ""Stahl, Schallisolierung"" (Gem. Konfigurationscode Schmidlin) Weiss 22.05.2026/00:02:27 https://profishop.sanitastroesch.ch 570 1.0 1311 470.100.000 URP 1'301.00 1'301.00 ""ST Duschenwanne Schmidlin, 160 x"" ""100 x 3,5 cm, Stahl,"" ""Schallisolierung, Ablauf"" ""Längsseite Mitte, Ablaufloch Ø"" 90 mm Weiss 580 1.0 1311 480.100.000 URP 1'272.00 1'272.00 ""ST Duschenwanne Schmidlin, 130 x"" ""75 x 3,5 cm, Schallisolierung,"" ""Stahl, Ablauf Schmalseite"" ""Mitte, Ablaufloch Ø 90 mm"" Weiss 590 1.0 1311 444.100.000 URP 1'099.00 1'099.00 ""ST Duschenwanne Schmidlin, 120 x"" ""75 x 3,5 cm, Stahl,"" ""Schallisolierung, Ablauf"" ""Schmalseite Mitte, Ablaufloch"" Ø 90 mm Weiss 600 1.0 1311 461.100.000 URP 1'155.00 1'155.00 ""ST Duschenwanne Schmidlin, 150 x"" ""75 x 3,5 cm, Stahl,"" ""Schallisolierung, Ablauf"" ""Schmalseite Mitte, Ablaufloch"" Ø 90 mm Weiss 610 1.0 1311 454.100.000 URP 1'271.00 1'271.00 ""ST Duschenwanne Schmidlin, 130 x"" ""100 x 3,5 cm, Stahl,"" ""Schallisolierung, Ablauf"" ""Schmalseite Mitte, Ablaufloch"" Ø 90 mm Weiss 620 1.0 1311 473.100.000 URP 1'356.00 1'356.00 ""ST Duschenwanne Schmidlin, 170 x"" ""80 x 3,5 cm, Stahl,"" ""Schallisolierung, Ablauf"" ""Längsseite Mitte, Ablaufloch Ø"" 90 mm Weiss 22.05.2026/00:02:27 https://profishop.sanitastroesch.ch 630 1.0 1311 457.100.000 URP 1'173.00 1'173.00 ""ST Duschenwanne Schmidlin, 140 x"" ""80 x 3,5 cm, Stahl,"" ""Schallisolierung, Ablauf"" ""Schmalseite Mitte, Ablaufloch"" Ø 90 mm Weiss 640 1.0 1311 456.100.000 URP 1'155.00 1'155.00 ""ST Duschenwanne Schmidlin, 140 x"" ""75 x 3,5 cm, Stahl,"" ""Schallisolierung, Ablauf"" ""Schmalseite Mitte, Ablaufloch"" Ø 90 mm Weiss 650 1.0 1311 412.100.000 URP 1'099.00 1'099.00 ""ST Duschenwanne Schmidlin, 120 x"" ""70 x 3,5 cm, Stahl,"" ""Schallisolierung, Ablauf"" ""Schmalseite Mitte, Ablaufloch"" Ø 90 mm Weiss 660 1.0 1311 467.100.000 URP 1'172.00 1'172.00 ""ST Duschenwanne Schmidlin, 160 x"" ""75 x 3,5 cm, Stahl,"" ""Schallisolierung, Ablauf"" ""Längsseite Mitte, Ablaufloch Ø"" 90 mm Weiss 670 1.0 1311 453.100.000 URP 1'172.00 1'172.00 ""ST Duschenwanne Schmidlin, 130 x"" ""90 x 3,5 cm, Stahl,"" ""Schallisolierung, Ablauf"" ""Schmalseite Mitte, Ablaufloch"" Ø 90 mm Weiss 680 1.0 1311 449.100.000 URP 1'123.00 1'123.00 ""ST Duschenwanne Schmidlin, 120 x"" ""100 x 3,5 cm, Stahl,"" ""Schallisolierung, Ablauf"" ""Schmalseite Mitte, Ablaufloch"" Ø 90 mm Weiss 22.05.2026/00:02:27 https://profishop.sanitastroesch.ch 690 1.0 1311 024.100.000 URP 1'898.00 1'898.00 Duschenwanne Schmidlin Vario ""191 - 207 x 86 - 97 x 3,5 cm"" Ablaufloch Ø 90 mm ""Stahl, Schallisolierung"" (Gem. Konfigurationscode Schmidlin) Weiss 700 1.0 1311 446.100.000 URP 1'137.00 1'137.00 ""ST Duschenwanne Schmidlin, 110 x"" ""90 x 3,5 cm, Stahl,"" ""Schallisolierung, Ablauf"" ""Schmalseite Mitte, Ablaufloch"" Ø 90 mm Weiss 710 1.0 1311 179.100.000 URP 1'752.00 1'752.00 Duschenwanne Schmidlin Vario ""176 - 187 x 67 - 125 x 3,5 cm"" Ablaufloch Ø 90 mm ""Stahl, Schallisolierung"" (Gem. Konfigurationscode Schmidlin) Weiss 720 1.0 1311 478.100.000 URP 1'377.00 1'377.00 ""ST Duschenwanne Schmidlin, 180 x"" ""100 x 3,5 cm, Stahl,"" ""Schallisolierung, Ablauf"" ""Längsseite Mitte, Ablaufloch Ø"" 90 mm Weiss 730 1.0 1311 445.100.000 URP 1'099.00 1'099.00 ""ST Duschenwanne Schmidlin, 120 x"" ""80 x 3,5 cm, Stahl,"" ""Schallisolierung, Ablauf"" ""Schmalseite Mitte, Ablaufloch"" Ø 90 mm Weiss 740 1.0 1311 463.100.000 URP 1'180.00 1'180.00 ""ST Duschenwanne Schmidlin, 150 x"" ""90 x 3,5 cm, Stahl,"" ""Schallisolierung, Ablauf"" ""Schmalseite Mitte, Ablaufloch"" Ø 90 mm Weiss 22.05.2026/00:02:27 https://profishop.sanitastroesch.ch 750 1.0 1311 455.100.000 URP 1'753.00 1'753.00 ""ST Duschenwanne Schmidlin, 130 x"" ""130 x 3,5 cm, Stahl,"" ""Schallisolierung, Ablauf"" ""Schmalseite Mitte, Ablaufloch"" Ø 90 mm Weiss 760 1.0 1311 410.100.000 URP 1'204.00 1'204.00 ""ST Duschenwanne Schmidlin, 110 x"" ""100 x 3,5 cm, Stahl,"" ""Schallisolierung, Ablauf"" ""Schmalseite Mitte, Ablaufloch"" Ø 90 mm Weiss 770 1.0 1311 176.100.000 URP 1'591.00 1'591.00 Duschenwanne Schmidlin Vario ""130 - 135 x 67 - 124 x 3,5 cm"" Ablaufloch Ø 90 mm ""Stahl, Schallisolierung"" (Gem. Konfigurationscode Schmidlin) Weiss 780 1.0 1311 468.100.000 URP 1'265.00 1'265.00 ""ST Duschenwanne Schmidlin, 160 x"" ""80 x 3,5 cm, Stahl,"" ""Schallisolierung, Ablauf"" ""Längsseite Mitte, Ablaufloch Ø"" 90 mm Weiss 790 1.0 1311 476.100.000 URP 1'328.00 1'328.00 ""ST Duschenwanne Schmidlin, 180 x"" ""80 x 3,5 cm, Stahl,"" ""Schallisolierung, Ablauf"" ""Längsseite Mitte, Ablaufloch Ø"" 90 mm Weiss 800 1.0 1311 178.100.000 URP 1'702.00 1'702.00 Duschenwanne Schmidlin Vario ""156 - 175 x 67 - 125 x 3,5 cm"" Ablaufloch Ø 90 mm ""Stahl, Schallisolierung"" (Gem. Konfigurationscode Schmidlin) Weiss 22.05.2026/00:02:27 https://profishop.sanitastroesch.ch 810 1.0 1311 177.100.000 URP 1'618.00 1'618.00 Duschenwanne Schmidlin Vario ""136 - 155 x 67 - 125 x 3,5 cm"" Ablaufloch Ø 90 mm ""Stahl, Schallisolierung"" (Gem. Konfigurationscode Schmidlin) Weiss 820 1.0 1311 459.100.000 URP 1'204.00 1'204.00 ""ST Duschenwanne Schmidlin, 140 x"" ""100 x 3,5 cm, Stahl,"" ""Schallisolierung, Ablauf"" ""Schmalseite Mitte, Ablaufloch"" Ø 90 mm Weiss 830 1.0 1311 452.100.000 URP 1'271.00 1'271.00 ""ST Duschenwanne Schmidlin, 130 x"" ""80 x 3,5 cm, Stahl,"" ""Schallisolierung, Ablauf"" ""Schmalseite Mitte, Ablaufloch"" Ø 90 mm Weiss 840 1.0 1311 464.100.000 URP 1'232.00 1'232.00 ""ST Duschenwanne Schmidlin, 150 x"" ""100 x 3,5 cm, Stahl,"" ""Schallisolierung, Ablauf"" ""Schmalseite Mitte, Ablaufloch"" Ø 90 mm Weiss 850 1.0 1311 175.100.000 URP 1'564.00 1'564.00 Duschenwanne Schmidlin Vario ""116 - 129 x 66 - 125 x 3,5 cm"" Ablaufloch Ø 90 mm ""Stahl, Schallisolierung"" (Gem. Konfigurationscode Schmidlin) Weiss 860 1.0 1311 474.100.000 URP 1'301.00 1'301.00 ""ST Duschenwanne Schmidlin, 170 x"" ""90 x 3,5 cm, Stahl,"" ""Schallisolierung, Ablauf"" ""Längsseite Mitte, Ablaufloch Ø"" 90 mm Weiss 22.05.2026/00:02:27 https://profishop.sanitastroesch.ch 870 1.0 1311 458.100.000 URP 1'172.00 1'172.00 ""ST Duschenwanne Schmidlin, 140 x"" ""90 x 3,5 cm, Stahl,"" ""Schallisolierung, Ablauf"" ""Schmalseite Mitte, Ablaufloch"" Ø 90 mm Weiss 880 1.0 1311 477.100.000 URP 1'328.00 1'328.00 ""ST Duschenwanne Schmidlin, 180 x"" ""90 x 3,5 cm, Stahl,"" ""Schallisolierung, Ablauf"" ""Längsseite Mitte, Ablaufloch Ø"" 90 mm Weiss 890 1.0 1311 447.100.000 URP 1'116.00 1'116.00 ""ST Duschenwanne Schmidlin, 120 x"" ""90 x 3,5 cm, Stahl,"" ""Schallisolierung, Ablauf"" ""Schmalseite Mitte, Ablaufloch"" Ø 90 mm Weiss 900 1.0 1311 482.100.000 URP 1'380.00 1'380.00 ""ST Duschenwanne Schmidlin, 200 x"" ""90 x 3,5 cm, Schallisolierung,"" ""Stahl, Ablauf Längsseite"" ""Mitte, Ablaufloch Ø 90 mm"" Weiss 910 1.0 1311 469.100.000 URP 1'238.00 1'238.00 ""ST Duschenwanne Schmidlin, 160 x"" ""90 x 3,5 cm, Stahl,"" ""Schallisolierung, Ablauf"" ""Längsseite Mitte, Ablaufloch Ø"" 90 mm Weiss 920 1.0 1311 481.100.000 URP 1'358.00 1'358.00 ""ST Duschenwanne Schmidlin, 190 x"" ""90 x 3,5 cm, Schallisolierung,"" ""Stahl, Ablauf Längsseite"" ""Mitte, Ablaufloch Ø 90 mm"" Weiss 22.05.2026/00:02:27 https://profishop.sanitastroesch.ch 930 1.0 1311 443.100.000 URP 1'230.00 1'230.00 ""ST Duschenwanne Schmidlin, 110 x"" ""80 x 3,5 cm, Stahl,"" ""Schallisolierung, Ablauf"" ""Schmalseite Mitte, Ablaufloch"" Ø 90 mm Weiss 940 1.0 1311 479.100.000 URP 1'272.00 1'272.00 ""ST Duschenwanne Schmidlin, 130 x"" ""70 x 3,5 cm, Schallisolierung,"" ""Stahl, Ablauf Schmalseite"" ""Mitte, Ablaufloch Ø 90 mm"" Weiss 950 1.0 1311 472.100.000 URP 1'301.00 1'301.00 ""ST Duschenwanne Schmidlin, 170 x"" ""75 x 3,5 cm, Stahl,"" ""Schallisolierung, Ablauf"" ""Längsseite Mitte, Ablaufloch Ø"" 90 mm Weiss 960 1.0 1311 462.100.000 URP 1'223.00 1'223.00 ""ST Duschenwanne Schmidlin, 150 x"" ""80 x 3,5 cm, Stahl,"" ""Schallisolierung, Ablauf"" ""Schmalseite Mitte, Ablaufloch"" Ø 90 mm Weiss Preisübersicht Unverbindliche Richtpreise Total 106'516.00 geschätzte Transportkosten 4'154.18 8.1 % MWSt 8'964.27 Rundungsdifferenz 0.00 Gesamtbetrag inkl. MwSt. in CHF 119'634.45 Preisänderung vorbehalten Unverbindliche Richtpreise Bei den Preisangaben handelt es sich um unverbindliche Richtpreise. Auf diese unverbindlichen Richtpreise gibt Sanitas Troesch den Installateur-Unternehmen individuelle Einkaufsrabatte. Die unverbindlichen Richtpreise sind für Installateur-Unternehmen nicht bindend. Die Installateur-Unternehmen legen die Verkaufspreise an ihre Kunden vollkommen frei und im eigenen Ermessen fest. 22.05.2026/00:02:27 https://profishop.sanitastroesch.ch",URP,723.00,723.00
