Gruppe;;;;;;;Installationselement;Installationselement;Installationselement;Installationselement;Installationselement;Installationselement;Immer dabei;Immer dabei;Immer dabei;Wasseranschluss;Wasseranschluss;Rohbau-Set;Steuerung (Auswahl);Steuerung (Auswahl);Steuerung (Auswahl);Steuerung (Auswahl);Steuerung (Auswahl);Steuerung (Auswahl);Steuerung (Auswahl);Steuerung (Auswahl);Steuerung (Auswahl);Ablauf & Einlauf;Ablauf & Einlauf;Ablauf & Einlauf;Ablauf & Einlauf;Ablauf & Einlauf;Ablauf & Einlauf;Ablauf & Einlauf;Ablauf & Einlauf;Ablauf & Einlauf;Befestigung;Befestigung;Befestigung;Befestigung;Trennwand;Trennwand;Trennwand;Trennwand;Weiteres;Weiteres;Weiteres;Weiteres;Weiteres;Weiteres;Weiteres
Art-Nr;;;;;;;3612 402;3612 403;3612 404;3612 405;3612 406;3612 407;3461 110;3612 272;3612 500;3612 419;3612 420;3451 173;3451 100;3451 103;3451 106;3451 109;3451 114;3451 148;3451 158;3451 168;3451 174;3431 102;3431 110;3431 250;3441 111;3441 112;3441 120;3441 150;8111 412;8111 428;3962 155;3962 156;8211 112;8211 210;2112 890;3482 117;3482 118;3482 119;2112 889;2121 198;2141 298;2147 198;2317 387;3421 149;3421 163
Bezeichnung;;;;;;;Urinoirelement Geberit-Duofix Typ 144, Höhe 144 cm, Breite 50 cm, Rohbauset;Urinoirelement Geberit-Duofix Typ 112/130, Höhe 112 - 130 cm, Breite 50;Urinoirelement Geberit-Duofix, Montagerahmen, Füsse verstellbar;Urinoirelement Geberit-Duofix, Montagerahmen, Füsse verstellbar;Urinoirelement Geberit-Duofix, Montagerahmen, Füsse verstellbar;Urinoirelement Geberit-Duofix, Montagerahmen, Füsse verstellbar;Schallschutz Iso-Set Hafner Urinoir, 4 Gummihülsen, 2 U-Scheiben, 2;Anschlussbogen Geberit-Silent, für Waschtisch-, Bidet- und Urinoirelement;Rückwandbefestigungssatz Geberit Duofix, für alle Elemente;Zubehörset Geberit Duofix, für Urinal Lema 1 Liter, UP-Verteildose;Quertraverse Geberit Duofix für Zulauf ½, mit Anschlussbogen, zu;Rohbau-Set Geberit für Urinal-Spülauslösungen, für Urinoir;Urinoirsteuerung Geberit HyTronic IR Typ01 round, easy-to-clean;Urinoirsteuerung Geberit HyTronic IR Typ01 round, easy-to-clean, Batterie;Urinoirsteuerung Geberit HyTronic IR Typ01 square, Abdeckplatte;Urinoirsteuerung Geberit HyTronic IR Typ01 square, Batterie 1,5 V Lithium;Urinoirsteuerung Geberit HyTouch Typ01 square, Betätigungsplatte;Urinoirsteuerung Geberit HyTronic IR Typ01 round, Abdeckplatte;Urinoirsteuerung Geberit HyTronic IR Typ01 round, Batterie 1,5 V Lithium;Urinoirsteuerung Geberit HyTouch Typ01 round, Betätigungsplatte;Urinoirsteuerung Geberit HyTouch Typ01 round, easy-to-clean;"Einlaufgarnitur Laufen, Einlaufmanschette ½"", zu Urinoir 3421";"Einlaufgarnitur Geberit, 1"" x 35 mm, Messing, Deckkappe, zu Urinoir";Einlaufmanschette Geberit, Ø 32-35 mm, zu Urinoirs Casa / Fizz / Lema /;Absaugesiphon Geberit, AP, Abgang waagrecht Ø 40 mm;Absaugesiphon Geberit, AP, Konduktivsonden, Abgang waagrecht Ø 40;;Absaugesiphon Geberit AP, waagrecht Ø 40 mm, zu Urinoir;;Steckdichtung, Ø 51 / 40 mm;Gewindebolzen-Set M8 / M12 zu Duofix Lema (H8940620000001);Gewindebolzen Umbauset M12 (H8928140000001);;Abdeckkappe, Klemmscheiben, Set à 2 Stück, Weiss;;Trennwand Geberit, Glas weiss, 75 x 43 cm, Befestigungsmaterial;Trennwand Geberit, Glas anthrazit, 75 x 43 cm, Befestigungsmaterial;Trennwand Geberit, Glas umbra, 75 x 43 cm, Befestigungsmaterial;;;Einlaufmanschette, zu Urinoir Duravit;;;Urinoirdeckel Laufen Vila 2.0, abnehmbar, mit Absenkautomatik;Urinoirdeckel Fizz, Kunststoff, Scharniere Chrom, Absenkautomatik
URP CHF;;;;;;;634.00;634.00;701.00;701.00;492.00;634.00;27.50;36.00;42.50;162.00;165.00;291.00;1225.00;1225.00;1225.00;1225.00;350.00;1225.00;1225.00;346.00;346.00;106.00;158.00;21.00;81.50;90.50;;76.50;;4.80;41.50;27.00;;14.50;;976.00;976.00;976.00;;;33.00;;;139.00;261.00
Anzahl Urinoirs;;;;;;;2;17;10;2;14;3;41;48;48;6;9;3;22;22;22;22;22;22;22;22;22;1;1;14;4;1;4;15;2;3;3;16;1;2;27;27;27;27;6;1;3;1;2;3;1
Serie;Art-Nr;Urinoir;Ausführung;GTIN;URP CHF;Installationselement;3612 402;3612 403;3612 404;3612 405;3612 406;3612 407;3461 110;3612 272;3612 500;3612 419;3612 420;3451 173;3451 100;3451 103;3451 106;3451 109;3451 114;3451 148;3451 158;3451 168;3451 174;3431 102;3431 110;3431 250;3441 111;3441 112;3441 120;3441 150;8111 412;8111 428;3962 155;3962 156;8211 112;8211 210;2112 890;3482 117;3482 118;3482 119;2112 889;2121 198;2141 298;2147 198;2317 387;3421 149;3421 163
Alessi One;2121 197;Urinal Alessi One;cleanplus, ohne Zielobjekt;4014804707429;;3612 403;;X;;;;;X;X;X;;;;X;X;X;X;X;X;X;X;X;;;X;X;;;;;;X;;;;;;;;;X;;;;;
Caprino Plus;3411 131;Absauge-Urinal Caprino Plus;cleanplus, ohne Zielobjekt;7612738978723;1374.00;3612 406;;;;;X;;X;X;X;;X;;;;;;;;;;;;;;;;;;;;;X;;;X;X;X;X;;;;;;;
Caprino Plus;3411 133;Absauge-Urinal Caprino Plus;cleanplus, ohne Zielobjekt;7612738976811;1374.00;3612 406;;;;;X;;X;X;X;;X;;;;;;;;;;;;;;;;;;;;;X;;;X;X;X;X;;;;;;;
Caprino Plus;3411 134;Absauge-Urinal Caprino Plus;cleanplus, ohne Zielobjekt;7612738964276;333.00;3612 403;;X;;;;;X;X;X;;;;X;X;X;X;X;X;X;X;X;;;X;;;;X;;;;X;;;X;X;X;X;;;;;;;
Caprino Plus;3411 131;Absauge-Urinal Caprino Plus;standard, ohne Zielobjekt;7612738978716;1374.00;3612 406;;;;;X;;X;X;X;;X;;;;;;;;;;;;;;;;;;;;;X;;;X;X;X;X;;;;;;;
Caprino Plus;3411 133;Absauge-Urinal Caprino Plus;standard, ohne Zielobjekt;7612738976804;1374.00;3612 406;;;;;X;;X;X;X;;X;;;;;;;;;;;;;;;;;;;;;X;;;X;X;X;X;;;;;;;
Caprino Plus;3411 134;Absauge-Urinal Caprino Plus;standard, ohne Zielobjekt;7612738964269;333.00;3612 403;;X;;;;;X;X;X;;;;X;X;X;X;X;X;X;X;X;;;X;;;;X;;;;X;;;X;X;X;X;;;;;;;
Fizz;3421 160;Absauge-Urinal Fizz;standard, ohne Zielobjekt;4021534278013;459.00;3612 403;;X;;;;;X;X;X;;;;X;X;X;X;X;X;X;X;X;;;X;;;;X;;X;;;;;;;;;;;X;;;;X
Lema;3411 125;Absauge-Urinal Lema;cleanplus, ohne Zielobjekt;7612738956486;1631.00;3612 406;;;;;X;;X;X;X;X;;;;;;;;;;;;;;;;;;;;;;;;;X;X;X;X;;;;;;;
Lema;3411 126;Absauge-Urinal Lema;cleanplus, ohne Zielobjekt;7612738956561;798.00;3612 403;;X;;;;;X;X;X;;;;X;X;X;X;X;X;X;X;X;;;X;;;;;X;;;;;;X;X;X;X;;;;;;;
Lema;3411 125;Absauge-Urinal Lema;standard, ohne Zielobjekt;7612738956479;1631.00;3612 406;;;;;X;;X;X;X;X;;;;;;;;;;;;;;;;;;;;;;;;;X;X;X;X;;;;;;;
Lema;3411 126;Absauge-Urinal Lema;standard, ohne Zielobjekt;7612738956554;798.00;3612 403;;X;;;;;X;X;X;;;;X;X;X;X;X;X;X;X;X;;;X;;;;;X;;;;;;X;X;X;X;;;;;;;
Lema;3411 128;Urinal LEMA;cleanplus, ohne Zielobjekt;7612738956523;1631.00;— ohne Element (Wandmontage);;;;;;;X;;;;;;;;;;;;;;;;;;;;;;;;X;;;;X;X;X;X;;;;;;;
Lema;3411 128;Urinal LEMA;standard, ohne Zielobjekt;7612738956516;1631.00;— ohne Element (Wandmontage);;;;;;;X;;;;;;;;;;;;;;;;;;;;;;;;X;;;;X;X;X;X;;;;;;;
Lema;3411 127;Urinal wasserlos Lema;cleanplus, ohne Zielobjekt;7612738956608;736.00;3612 406;;;;;X;;X;X;X;;;;;;;;;;;;;;;;;;;;;;;;;;X;X;X;X;;;;;;;
Lema;3411 127;Urinal wasserlos Lema;standard, ohne Zielobjekt;7612738956592;736.00;3612 406;;;;;X;;X;X;X;;;;;;;;;;;;;;;;;;;;;;;;;;X;X;X;X;;;;;;;
Me by Starck;2141 867;Absauge-Urinal Me by Starck;DuraShield;4067116506969;;3612 403;;X;;;;;X;X;X;;X;;X;X;X;X;X;X;X;X;X;;;;;;;;;;;;;;;;;;;;;;;;
Preda;3421 201;Urinal Preda;standard;4025416529033;566.00;3612 407;;;;;;X;;X;X;;;X;X;X;X;X;X;X;X;X;X;;;;;;;;;;;;;;;;;;;;;;;;
Preda;3421 202;Urinal Preda;standard;4025416529828;1512.00;3612 404;;;X;;;;;X;X;;;;;;;;;;;;;;;;;;;;;;;;;;;;;;;;;;;;
Preda;3421 203;Urinal Preda;standard;4025416529873;1512.00;3612 404;;;X;;;;;X;X;;;;;;;;;;;;;;;;;;;;;;;;;;;;;;;;;;;;
Selva;3421 211;Urinal Selva;standard;4025416530091;757.00;3612 407;;;;;;X;;X;X;;;X;X;X;X;X;X;X;X;X;X;;;;;;;;;;;;;;;;;;;;;;;;
Selva;3421 212;Urinal Selva;standard;4025416530282;1665.00;3612 404;;;X;;;;;X;X;;;;;;;;;;;;;;;;;;;;;;;;;;;;;;;;;;;;
Selva;3421 213;Urinal Selva;standard;4025416530312;1665.00;3612 404;;;X;;;;;X;X;;;;;;;;;;;;;;;;;;;;;;;;;;;;;;;;;;;;
Starck 1;2147 192;Urinal Starck 1;standard;4021534103612;;3612 403;;X;;;;;X;X;X;;;;X;X;X;X;X;X;X;X;X;;;X;;;;X;;X;;;;;;;;;;;X;;;;
Starck 1;2147 193;Urinal Starck 1;standard;4021534103636;;3612 403;;X;;;;;X;X;X;;;;X;X;X;X;X;X;X;X;X;;;X;;;;X;;X;;;;;;;;;;;X;X;;;
Subway;2317 385;Urinal Subway;cleaneffect;4022693615077;;3612 403;;X;;;;;X;X;X;;;;X;X;X;X;X;X;X;X;X;;;X;;;;X;;;;;;;;;;;;;;;X;;
Subway;2317 385;Urinal Subway;standard;4022693615022;;3612 403;;X;;;;;X;X;X;;;;X;X;X;X;X;X;X;X;X;;;X;;;;X;;;;;;;;;;;;;;;X;;
Tamaro;3421 103;Urinal Tamaro;standard, ohne Zielobjekt;4014804094048;815.00;3612 402;X;;;;;;X;X;X;;;;X;X;X;X;X;X;X;X;X;;X;;X;;X;;;;;;;X;X;X;X;X;;;;;;;
Tamaro-S90;3411 102;Absauge-Urinal Tamaro-S90;standard, ohne Zielobjekt;7612738289041;1663.00;3612 405;;;;X;;;X;X;X;;;;;;;;;;;;;;;;X;;X;;;;;;;;X;X;X;X;;;;;;;
Tamaro-S90;3411 104;Absauge-Urinal Tamaro-S90;standard, ohne Zielobjekt;7612738289409;1663.00;3612 405;;;;X;;;X;X;X;;;;;;;;;;;;;;;;X;;X;;;;;;;;X;X;X;X;;;;;;;
Tamaro-VS New;3411 105;Absauge-Urinal Tamaro-VS New;cleanplus, ohne Zielobjekt;7612738976965;1631.00;3612 406;;;;;X;;X;X;X;X;;;;;;;;;;;;;;;;;;;;;;X;;;X;X;X;X;;;;;;;
Tamaro-VS New;3411 105;Absauge-Urinal Tamaro-VS New;standard, ohne Zielobjekt;7612738976958;1631.00;3612 406;;;;;X;;X;X;X;X;;;;;;;;;;;;;;;;;;;;;;X;;;X;X;X;X;;;;;;;
Tamaro-VS New;3411 106;Urinal TAMARO-VS NEW;cleanplus, ohne Zielobjekt;7612738977009;1631.00;3612 406;;;;;X;;X;X;X;X;;;;;;;;;;;;;;;;;;;;;;X;;;X;X;X;X;;;;;;;
Tamaro-VS New;3411 106;Urinal TAMARO-VS NEW;standard, ohne Zielobjekt;7612738976996;1631.00;3612 406;;;;;X;;X;X;X;X;;;;;;;;;;;;;;;;;;;;;;X;;;X;X;X;X;;;;;;;
Tamina;3421 221;Urinal Tamina;standard;4025416696018;837.00;3612 407;;;;;;X;;X;X;;;X;X;X;X;X;X;X;X;X;X;;;;;;;;;;;;;;;;;;;;;;;;
Tamina;3421 222;Urinal Tamina;standard;4025416696049;1831.00;3612 404;;;X;;;;;X;X;;;;;;;;;;;;;;;;;;;;;;;;;;;;;;;;;;;;
Tamina;3421 223;Urinal Tamina;standard;4025416696070;1831.00;3612 404;;;X;;;;;X;X;;;;;;;;;;;;;;;;;;;;;;;;;;;;;;;;;;;;
Taro-Nova;3421 120;Urinal Taro-Nova;standard, ohne Zielobjekt;4014804092914;719.00;3612 402;X;;;;;;X;X;X;;;;X;X;X;X;X;X;X;X;X;X;;;;X;X;;;;;;;;X;X;X;X;;;;;;;
Taro-Uni;3421 125;Urinal Taro-Uni;standard, ohne Zielobjekt;4014804093232;782.00;— ohne Element (Wandmontage);;;;;;;;;;;;;;;;;;;;;;;;;;;;;;;;;X;X;X;X;X;X;;;;;;;
Val;2112 886;Absauge-Urinal Val;cleanplus, ohne Zielobjekt;7612738957131;;3612 406;;;;;X;;X;X;X;;X;;;;;;;;;;;;;;;;;X;;;;X;;;X;X;X;X;X;;;;;;
Val;2112 887;Absauge-Urinal Val;cleanplus, ohne Zielobjekt;7612738976729;;3612 403;;X;;;;;X;X;X;;;;X;X;X;X;X;X;X;X;X;;;X;;;;X;;;;X;;;X;X;X;X;X;;;;;;
Val;2112 888;Absauge-Urinal Val;cleanplus, ohne Zielobjekt;7612738976699;;3612 403;;X;;;;;X;X;X;;;;X;X;X;X;X;X;X;X;X;;;X;;;;X;;;;X;;;;;;;X;;;;;;
Val;2112 886;Absauge-Urinal Val;standard, ohne Zielobjekt;7612738957124;;3612 406;;;;;X;;X;X;X;;X;;;;;;;;;;;;;;;;;X;;;;X;;;X;X;X;X;X;;;;;;
Val;2112 887;Absauge-Urinal Val;standard, ohne Zielobjekt;7612738937720;;3612 403;;X;;;;;X;X;X;;;;X;X;X;X;X;X;X;X;X;;;X;;;;X;;;;X;;;X;X;X;X;X;;;;;;
Val;2112 888;Absauge-Urinal Val;standard, ohne Zielobjekt;7612738937713;;3612 403;;X;;;;;X;X;X;;;;X;X;X;X;X;X;X;X;X;;;X;;;;X;;;;X;;;;;;;X;;;;;;
Vila 2.0;3421 142;Urinal Vila 2.0;standard, ohne Zielobjekt;7612738161941;443.00;3612 403;;X;;;;;X;X;X;;X;;X;X;X;X;X;X;X;X;X;;;;;;;X;;;;;;;;;;;;;;;;X;
Vila 2.0;3421 143;Urinal Vila 2.0;standard, ohne Zielobjekt;7612738162023;443.00;3612 403;;X;;;;;X;X;X;;X;;X;X;X;X;X;X;X;X;X;;;;;;;X;;;;;;;;;;;;;;;;;
Vila 2.0;3421 144;Urinal Vila 2.0;standard, ohne Zielobjekt;7612738162108;1316.00;3612 404;;;X;;;;X;X;X;;;;;;;;;;;;;;;;;;;;;;;;;;;;;;;;;;;X;
Vila 2.0;3421 146;Urinal Vila 2.0;standard, ohne Zielobjekt;7612738162184;1316.00;3612 404;;;X;;;;X;X;X;;;;;;;;;;;;;;;;;;;;;;;;;;;;;;;;;;;;
Vila 2.0;3421 147;Urinal Vila 2.0;standard, ohne Zielobjekt;7612738162269;1316.00;3612 404;;;X;;;;X;X;X;;;;;;;;;;;;;;;;;;;;;;;;;;;;;;;;;;;X;
Vila 2.0;3421 148;Urinal Vila 2.0;standard, ohne Zielobjekt;7612738162344;1316.00;3612 404;;;X;;;;X;X;X;;;;;;;;;;;;;;;;;;;;;;;;;;;;;;;;;;;;
