Art-Nr (Basis);Serie;Beschreibung;PDF-Seite;VORSCHLAG (bitte prüfen!);Farben laut Katalog;Volle Art-Nr (bestätigt)
2116 121;Waschtischkombination Alterna progetto 46;Breite 62 cm, Tiefe 46 cm, Höhe 57 cm, Armaturenloch, mit Überlauf, Waschtisch a;459;2116 121.379.000/2116 121.713.000;379=Premium weiss / 713=Weiss hochglanz;
2116 122;Waschtischkombination Alterna progetto 46;Breite 82 cm, Tiefe 46 cm, Höhe 57 cm, Armaturenloch, mit Überlauf, Waschtisch a;460;2116 122.379.000/2116 122.713.000;379=Premium weiss / 713=Weiss hochglanz;
2116 123;Waschtischkombination Alterna progetto 46;Breite 102 cm, Tiefe 46 cm, Höhe 57 cm, Armaturenloch, mit Überlauf, Waschtisch ;460;2116 123.379.000/2116 123.713.000;379=Premium weiss / 713=Weiss hochglanz;
2116 124;Waschtischkombination Alterna progetto 46;Breite 122 cm, Tiefe 46 cm, Höhe 57 cm, Armaturenloch, mit Überlauf, Waschtisch ;460;2116 124.379.000/2116 124.713.000;379=Premium weiss / 713=Weiss hochglanz;
2116 125;Waschtischkombination Alterna progetto 46;Breite 122 cm, Tiefe 46 cm, Höhe 57 cm, mit 2 Armaturenlöcher, mit Überlauf, Dop;460;2116 125.379.000/2116 125.713.000;379=Premium weiss / 713=Weiss hochglanz;
2116 126;Waschtischkombination Alterna progetto 46;Breite 122 cm, Tiefe 46 cm, Höhe 57 cm, mit 2 Armaturenlöcher, mit Überlauf, Dop;460;2116 126.379.000/2116 126.713.000;379=Premium weiss / 713=Weiss hochglanz;
2112 267;Waschtischkombination Laufen Pro S;Breite 60 cm, Tiefe 50 cm, Höhe 54,5 cm, Armaturenloch, mit Überlauf, Waschtisch;562;2112 267.232.000/2112 267.536.000/2112 267.713.000/2112 267.922.000;232=Graphit / 536=Weiss matt / 713=Weiss hochglanz / 922=Eiche hell;
2112 268;Waschtischkombination Laufen Pro S;Breite 80 cm, Tiefe 50 cm, Höhe 54,5 cm, Armaturenloch, mit Überlauf, Waschtisch;562;2112 268.232.000/2112 268.536.000/2112 268.713.000/2112 268.922.000;232=Graphit / 536=Weiss matt / 713=Weiss hochglanz / 922=Eiche hell;
2112 269;Waschtischkombination Laufen Pro S;Breite 100 cm, Tiefe 50 cm, Höhe 54,5 cm, Armaturenloch, mit Überlauf, Waschtisc;562;2112 269.232.000/2112 269.536.000/2112 269.713.000/2112 269.922.000;232=Graphit / 536=Weiss matt / 713=Weiss hochglanz / 922=Eiche hell;
2112 273;Waschtischkombination Laufen Pro S;Breite 120 cm, Tiefe 50 cm, Höhe 54,5 cm, Armaturenloch, mit Überlauf, Waschtisc;562;2112 273.232.000/2112 273.536.000/2112 273.713.000/2112 273.922.000;232=Graphit / 536=Weiss matt / 713=Weiss hochglanz / 922=Eiche hell;
2112 274;Waschtischkombination Laufen Pro S;Breite 120 cm, Tiefe 50 cm, Höhe 54,5 cm, mit 2 Armaturenlöcher, mit Überlauf, W;563;2112 274.232.000/2112 274.536.000/2112 274.713.000/2112 274.922.000;232=Graphit / 536=Weiss matt / 713=Weiss hochglanz / 922=Eiche hell;
2231 800;Auflegewaschtisch Catalano Zero;Ø 32 cm, Höhe 12 cm, ohne Überlauf, ohne Armaturenbank 202: Cleaneffekt;637;2231 800.105.000/2231 800.535.202/2231 800.536.202;105=Weiss Cleaneffekt / 535=Schwarz matt +202 Cleaneffekt / 536=Weiss matt +202 Cleaneffekt;
2231 830;Auflegewaschtisch Catalano Zero;Ø 40 cm, Höhe 13 cm, ohne Überlauf, ohne Armaturenbank 202: Cleaneffekt;637;2231 830.105.000/2231 830.535.202/2231 830.536.202;105=Weiss Cleaneffekt / 535=Schwarz matt +202 Cleaneffekt / 536=Weiss matt +202 Cleaneffekt;
2231 810;Auflegewaschtisch Catalano Zero;Ø 45 cm, Höhe 13 cm, ohne Überlauf, ohne Armaturenbank 202: Cleaneffekt;637;2231 810.105.000/2231 810.535.202/2231 810.536.202;105=Weiss Cleaneffekt / 535=Schwarz matt +202 Cleaneffekt / 536=Weiss matt +202 Cleaneffekt;
2231 839;Auflegewaschtisch Catalano Zero;60 x 35 cm, Höhe 12 cm, ohne Überlauf, ohne Armaturenbank 202: Cleaneffekt;637;2231 839.105.000/2231 839.535.202/2231 839.536.202;105=Weiss Cleaneffekt / 535=Schwarz matt +202 Cleaneffekt / 536=Weiss matt +202 Cleaneffekt;
2231 840;Auflegewaschtisch Catalano Zero;70 x 35 cm, Höhe 12 cm, ohne Überlauf, ohne Armaturenbank 202: Cleaneffekt;638;2231 840.105.000/2231 840.535.202/2231 840.536.202;105=Weiss Cleaneffekt / 535=Schwarz matt +202 Cleaneffekt / 536=Weiss matt +202 Cleaneffekt;
2231 638;Auflegewaschtisch Catalano Sfera;Ø 40 cm, Höhe 7,5 cm, ohne Überlauf, ohne Armaturenbank 202: Cleaneffekt;654;2231 638.105.000/2231 638.228.202/2231 638.423.202/2231 638.535.202/2231 638.536.202;105=Weiss Cleaneffekt / 228=Taubengrau matt +202 Cleaneffekt / 423=Zement satiniert +202 Cleaneffekt / 535=Schwarz matt +202 Cleaneffekt / 536=Weiss matt +202 Cleaneffekt;
2231 639;Auflegewaschtisch Catalano Sfera;58 x 40 cm, Höhe 7,5 cm, ohne Überlauf, ohne Armaturenbank;655;;;
2231 640;Auflegewaschtisch Catalano Sfera;Ø 32 cm, Höhe 14 cm, ohne Überlauf, ohne Armaturenbank : Cleaneffekt 423, 535, 5;655;2231 640.105.000;105=Weiss Cleaneffekt;
2231 641;Auflegewaschtisch Catalano Sfera;Ø 42 cm, Höhe 16 cm, ohne Überlauf, ohne Armaturenbank : Cleaneffekt 423, 535, 5;655;2231 641.105.000;105=Weiss Cleaneffekt;
2231 642;Auflegewaschtisch Catalano Sfera;Ø 42 cm, Höhe 22 cm, ohne Überlauf, ohne Armaturenbank 202: Cleaneffekt;655;2231 642.105.000/2231 642.228.202/2231 642.423.202/2231 642.535.202/2231 642.536.202;105=Weiss Cleaneffekt / 228=Taubengrau matt +202 Cleaneffekt / 423=Zement satiniert +202 Cleaneffekt / 535=Schwarz matt +202 Cleaneffekt / 536=Weiss matt +202 Cleaneffekt;
2231 643;Auflegewaschtisch Catalano Sfera;50 x 35 cm, Höhe 16 cm, ohne Überlauf, ohne Armaturenbank : Cleaneffekt 423, 535;655;2231 643.105.000;105=Weiss Cleaneffekt;
2231 644;Auflegewaschtisch Catalano Sfera;60 x 37 cm, Höhe 16 cm, ohne Überlauf, ohne Armaturenbank : Cleaneffekt 423, 535;655;2231 644.105.000;105=Weiss Cleaneffekt;
2231 650;Auflegewaschtisch Catalano Sfera;60 x 42 cm, Höhe 16 cm, ohne Überlauf, ohne Armaturenbank : Cleaneffekt 423, 535;656;2231 650.105.000;105=Weiss Cleaneffekt;
2231 707;Auflegewaschtisch Catalano Green;Ø 40 cm, Höhe 15 cm, ohne Überlauf, ohne Armaturenbank : Cleaneffekt 423, 535, 5;661;2231 707.105.000;105=Weiss Cleaneffekt;
2231 708;Auflegewaschtisch Catalano Green;60 x 38 cm, Höhe 15 cm, ohne Überlauf, ohne Armaturenbank : Cleaneffekt 423, 535;661;2231 708.105.000;105=Weiss Cleaneffekt;
2231 709;Auflegewaschtisch Catalano Green;60 x 38 cm, Höhe 14 cm, ohne Überlauf, ohne Armaturenbank 202: Cleaneffekt;661;2231 709.105.000/2231 709.228.202/2231 709.423.202/2231 709.535.202/2231 709.536.202;105=Weiss Cleaneffekt / 228=Taubengrau matt +202 Cleaneffekt / 423=Zement satiniert +202 Cleaneffekt / 535=Schwarz matt +202 Cleaneffekt / 536=Weiss matt +202 Cleaneffekt;
2311 107;Auflegewaschtisch Villeroy & Boch Antao;51 x 40 cm, Höhe 14,5 cm, ohne Überlauf, Ablaufventil mit Keramikabdeckung, Befe;685;2311 107.105.000/2311 107.819.000;105=Weiss Cleaneffekt / 819=Stone white matt Cleaneffekt;
2311 108;Auflegewaschtisch Villeroy & Boch Antao;65 x 40 cm, Höhe 14,5 cm, ohne Überlauf, Ablaufventil mit Keramikabdeckung, Befe;686;2311 108.105.000/2311 108.819.000;105=Weiss Cleaneffekt / 819=Stone white matt Cleaneffekt;
