ArtNr,Label,Brand,Size,Hahnloch,Ueberlauf,Ablage
2113 261.100.000,"Auflegewaschtisch Laufen Meda, Armaturenloch, 55 x 46 cm, Höhe 11,5 cm, ohne Überlauf, inkl. Schablone, Unterteil geschliffen, Befestigungsmaterial Umweltdeklaration EPD Weiss",Laufen,55 x 46,1,ohne,

2113 272.100.000,"Auflegewaschtisch Laufen Meda, ohne Armaturenloch, 60 x 35 cm, Höhe 10,5 cm, ohne Überlauf, inkl. Schablone, Unterteil geschliffen, Befestigungsmaterial Umweltdeklaration EPD Weiss",Laufen,60 x 35,ohne,ohne,

2113 216.100.000,"Waschtisch Laufen Meda, Armaturenloch, 65 x 46 cm, ohne Überlauf Umweltdeklaration EPD Weiss",Laufen,65 x 46,1,ohne,

2113 271.100.000,"Auflegewaschtisch Laufen Meda, Armaturenloch rechts, 60 x 35 cm, Höhe 10,5 cm, ohne Überlauf, inkl. Schablone, Unterteil geschliffen, Befestigungsmaterial Umweltdeklaration EPD Weiss",Laufen,60 x 35,1,ohne,rechts

2113 219.100.000,"Waschtisch Laufen Meda, mit 3 Armaturenlöcher, 80 x 46 cm, mit Überlauf Umweltdeklaration EPD Weiss",Laufen,80 x 46,3,mit,

2113 264.100.000,"Auflegewaschtisch Laufen Meda, ohne Armaturenloch, 60 x 46 cm, Höhe 11,5 cm, mit Überlauf, inkl. Schablone, Unterteil geschliffen, Befestigungsmaterial Umweltdeklaration EPD Weiss",Laufen,60 x 46,ohne,mit,

2113 250.100.000,"Doppelwaschtisch Laufen Meda, Armaturenloch, 130 x 46 cm, mit Überlauf Umweltdeklaration EPD Weiss",Laufen,130 x 46,1,mit,

2113 244.100.000,"Waschtisch Laufen Meda, mit 3 Armaturenlöcher, 120 x 46 cm, mit Überlauf Umweltdeklaration EPD Weiss",Laufen,120 x 46,3,mit,

2113 256.100.000,"Auflegewaschtisch Laufen Meda, ohne Armaturenloch, 45 x 35 cm, Höhe 8 cm, mit Überlauf, inkl. Schablone, Unterteil geschliffen, Befestigungsmaterial Umweltdeklaration EPD Weiss",Laufen,45 x 35,ohne,mit,

2113 206.100.000,"Waschtisch Laufen Meda, Armaturenloch, 55 x 46 cm, mit Überlauf Umweltdeklaration EPD Weiss",Laufen,55 x 46,1,mit,

2113 032.100.000,"Waschtisch Laufen Meda, Armaturenloch, 120 x 46 cm, mit Überlauf, Ablage links Weiss",Laufen,120 x 46,1,mit,links

2113 009.100.000,"Waschtisch Laufen Meda, ohne Armaturenloch, 60 x 46 cm, mit Überlauf, Ablage links Weiss",Laufen,60 x 46,ohne,mit,links

2113 274.100.000,"Auflegewaschtisch Laufen Meda, ohne Armaturenloch, 65 x 46 cm, Höhe 11,5 cm, mit Überlauf, inkl. Schablone, Unterteil geschliffen, Befestigungsmaterial Umweltdeklaration EPD Weiss",Laufen,65 x 46,ohne,mit,

2113 045.100.000,"Auflegewaschtisch Laufen Meda, ohne Armaturenloch, 60 x 46 cm, Höhe 8 cm, mit Überlauf, Ablage links Weiss",Laufen,60 x 46,ohne,mit,links

2113 288.100.000,"Auflegewaschtisch Laufen Meda, ohne Armaturenloch, 100 x 46 cm, Höhe 11,5 cm, ohne Überlauf, inkl. Schablone, Unterteil geschliffen, Befestigungsmaterial Umweltdeklaration EPD Weiss",Laufen,100 x 46,ohne,ohne,

2113 008.100.000,"Waschtisch Laufen Meda, Armaturenloch, 60 x 46 cm, mit Überlauf, Ablage links Weiss",Laufen,60 x 46,1,mit,links

2113 025.100.000,"Waschtisch Laufen Meda, mit 3 Armaturenlöcher, 100 x 46 cm, ohne Überlauf, Ablage links Weiss",Laufen,100 x 46,3,ohne,links

2113 222.100.000,"Waschtisch Laufen Meda, mit 3 Armaturenlöcher, 80 x 46 cm, ohne Überlauf Umweltdeklaration EPD Weiss",Laufen,80 x 46,3,ohne,

2113 022.100.000,"Waschtisch Laufen Meda, mit 3 Armaturenlöcher, 100 x 46 cm, mit Überlauf, Ablage links Weiss",Laufen,100 x 46,3,mit,links

2113 239.100.000,"Waschtisch Laufen Meda, Armaturenloch, 100 x 46 cm, ohne Überlauf Umweltdeklaration EPD Weiss",Laufen,100 x 46,1,ohne,

2113 273.100.000,"Auflegewaschtisch Laufen Meda, Armaturenloch, 65 x 46 cm, Höhe 11,5 cm, mit Überlauf, inkl. Schablone, Unterteil geschliffen, Befestigungsmaterial Umweltdeklaration EPD Weiss",Laufen,65 x 46,1,mit,

2113 283.100.000,"Auflegewaschtisch Laufen Meda, Armaturenloch, 100 x 46 cm, Höhe 11,5 cm, mit Überlauf, inkl. Schablone, Unterteil geschliffen, Befestigungsmaterial Umweltdeklaration EPD Weiss",Laufen,100 x 46,1,mit,

2113 020.100.000,"Waschtisch Laufen Meda, Armaturenloch, 100 x 46 cm, mit Überlauf, Ablage links Weiss",Laufen,100 x 46,1,mit,links

2113 012.100.000,"Waschtisch Laufen Meda, ohne Armaturenloch, 60 x 46 cm, ohne Überlauf, Ablage links Weiss",Laufen,60 x 46,ohne,ohne,links

2113 255.100.000,"Auflegewaschtisch Laufen Meda, Armaturenloch, 45 x 35 cm, Höhe 8 cm, mit Überlauf, inkl. Schablone, Unterteil geschliffen, Befestigungsmaterial Umweltdeklaration EPD Weiss",Laufen,45 x 35,1,mit,

2113 201.100.000,"Wandbecken Laufen Meda, ohne Armaturenloch, 45 x 35 cm, mit Überlauf Umweltdeklaration EPD Weiss",Laufen,45 x 35,ohne,mit,

2113 251.100.000,"Doppelwaschtisch Laufen Meda, mit 3 Armaturenlöcher, 130 x 46 cm, mit Überlauf Umweltdeklaration EPD Weiss",Laufen,130 x 46,3,mit,

2113 259.100.000,"Auflegewaschtisch Laufen Meda, Armaturenloch, 55 x 46 cm, Höhe 11,5 cm, mit Überlauf, inkl. Schablone, Unterteil geschliffen, Befestigungsmaterial Umweltdeklaration EPD Weiss",Laufen,55 x 46,1,mit,

2113 210.100.000,"Waschtisch Laufen Meda, Armaturenloch, 60 x 46 cm, mit Überlauf Umweltdeklaration EPD Weiss",Laufen,60 x 46,1,mit,

2113 204.100.000,"Wandbecken Laufen Meda, Armaturenloch rechts, 46 x 23,5 cm, ohne Überlauf Umweltdeklaration EPD Weiss",Laufen,,1,ohne,rechts

2113 243.100.000,"Waschtisch Laufen Meda, mit 2 Armaturenlöcher, 120 x 46 cm, mit Überlauf Umweltdeklaration EPD Weiss",Laufen,120 x 46,2,mit,

2113 203.100.000,"Wandbecken Laufen Meda, ohne Armaturenloch, 45 x 35 cm, ohne Überlauf Umweltdeklaration EPD Weiss",Laufen,45 x 35,ohne,ohne,

2113 040.100.000,"Auflegewaschtisch Laufen Meda, mit 3 Armaturenlöcher, 60 x 46 cm, Höhe 8 cm, mit Überlauf, Ablage rechts Weiss",Laufen,60 x 46,3,mit,rechts

2113 016.100.000,"Waschtisch Laufen Meda, mit 3 Armaturenlöcher, 100 x 46 cm, mit Überlauf, Ablage rechts Weiss",Laufen,100 x 46,3,mit,rechts

2113 015.100.000,"Waschtisch Laufen Meda, ohne Armaturenloch, 100 x 46 cm, mit Überlauf, Ablage rechts Weiss",Laufen,100 x 46,ohne,mit,rechts

2113 042.100.000,"Auflegewaschtisch Laufen Meda, ohne Armaturenloch, 60 x 46 cm, Höhe 8 cm, ohne Überlauf, Ablage rechts Weiss",Laufen,60 x 46,ohne,ohne,rechts

2113 220.100.000,"Waschtisch Laufen Meda, ohne Armaturenloch, 80 x 46 cm, mit Überlauf Umweltdeklaration EPD Weiss",Laufen,80 x 46,ohne,mit,

2113 021.100.000,"Waschtisch Laufen Meda, ohne Armaturenloch, 100 x 46 cm, mit Überlauf, Ablage links Weiss",Laufen,100 x 46,ohne,mit,links

2113 241.100.000,"Waschtisch Laufen Meda, ohne Armaturenloch, 100 x 46 cm, ohne Überlauf Umweltdeklaration EPD Weiss",Laufen,100 x 46,ohne,ohne,

2113 270.100.000,"Auflegewaschtisch Laufen Meda, Armaturenloch links, 60 x 35 cm, Höhe 10,5 cm, ohne Überlauf, inkl. Schablone, Unterteil geschliffen, Befestigungsmaterial Umweltdeklaration EPD Weiss",Laufen,60 x 35,1,ohne,links

2113 001.100.000,"Wandbecken Laufen Meda, ohne Armaturenloch, 46 x 23,5 cm, ohne Überlauf Weiss",Laufen,,ohne,ohne,

2113 225.100.000,"Waschtisch Laufen Meda, mit 3 Armaturenlöcher, 80 x 46 cm, mit Überlauf, Abstellfläche links Umweltdeklaration EPD Weiss",Laufen,80 x 46,3,mit,

2113 258.100.000,"Auflegewaschtisch Laufen Meda, ohne Armaturenloch, 45 x 35 cm, Höhe 8 cm, ohne Überlauf, inkl. Schablone, Unterteil geschliffen, Befestigungsmaterial Umweltdeklaration EPD Weiss",Laufen,45 x 35,ohne,ohne,

2113 019.100.000,"Waschtisch Laufen Meda, mit 3 Armaturenlöcher, 100 x 46 cm, ohne Überlauf, Ablage rechts Weiss",Laufen,100 x 46,3,ohne,rechts

2113 265.100.000,"Auflegewaschtisch Laufen Meda, Armaturenloch, 60 x 46 cm, Höhe 11,5 cm, ohne Überlauf, inkl. Schablone, Unterteil geschliffen, Befestigungsmaterial Umweltdeklaration EPD Weiss",Laufen,60 x 46,1,ohne,

2113 234.100.000,"Waschtisch Laufen Meda, mit 3 Armaturenlöcher, 80 x 46 cm, ohne Überlauf, Abstellfläche rechts Umweltdeklaration EPD Weiss",Laufen,80 x 46,3,ohne,

2113 014.100.000,"Waschtisch Laufen Meda, Armaturenloch, 100 x 46 cm, mit Überlauf, Ablage rechts Weiss",Laufen,100 x 46,1,mit,rechts

2113 247.100.000,"Waschtisch Laufen Meda, mit 2 Armaturenlöcher, 120 x 46 cm, ohne Überlauf Umweltdeklaration EPD Weiss",Laufen,120 x 46,2,ohne,

2113 038.100.000,"Auflegewaschtisch Laufen Meda, Armaturenloch, 60 x 46 cm, Höhe 8 cm, mit Überlauf, Ablage rechts Weiss",Laufen,60 x 46,1,mit,rechts

2113 287.100.000,"Auflegewaschtisch Laufen Meda, mit 3 Armaturenlöcher, 100 x 46 cm, Höhe 11,5 cm, ohne Überlauf, inkl. Schablone, Unterteil geschliffen, Befestigungsmaterial Umweltdeklaration EPD Weiss",Laufen,100 x 46,3,ohne,

2113 246.100.000,"Waschtisch Laufen Meda, Armaturenloch, 120 x 46 cm, ohne Überlauf Umweltdeklaration EPD Weiss",Laufen,120 x 46,1,ohne,

2113 034.100.000,"Waschtisch Laufen Meda, mit 3 Armaturenlöcher, 120 x 46 cm, mit Überlauf, Ablage links Weiss",Laufen,120 x 46,3,mit,links

2113 231.100.000,"Waschtisch Laufen Meda, mit 3 Armaturenlöcher, 80 x 46 cm, mit Überlauf, Abstellfläche rechts Umweltdeklaration EPD Weiss",Laufen,80 x 46,3,mit,

2113 003.100.000,"Waschtisch Laufen Meda, ohne Armaturenloch, 60 x 46 cm, mit Überlauf, Ablage rechts Weiss",Laufen,60 x 46,ohne,mit,rechts

2113 253.100.000,"Doppelwaschtisch Laufen Meda, Armaturenloch, 130 x 46 cm, ohne Überlauf Umweltdeklaration EPD Weiss",Laufen,130 x 46,1,ohne,

2113 284.100.000,"Auflegewaschtisch Laufen Meda, mit 3 Armaturenlöcher, 100 x 46 cm, Höhe 11,5 cm, mit Überlauf, inkl. Schablone, Unterteil geschliffen, Befestigungsmaterial Umweltdeklaration EPD Weiss",Laufen,100 x 46,3,mit,

2113 281.100.000,"Auflegewaschtisch Laufen Meda, mit 3 Armaturenlöcher, 80 x 46 cm, Höhe 11,5 cm, ohne Überlauf, inkl. Schablone, Unterteil geschliffen, Befestigungsmaterial Umweltdeklaration EPD Weiss",Laufen,80 x 46,3,ohne,

2113 023.100.000,"Waschtisch Laufen Meda, Armaturenloch, 100 x 46 cm, ohne Überlauf, Ablage links Weiss",Laufen,100 x 46,1,ohne,links

2113 039.100.000,"Auflegewaschtisch Laufen Meda, ohne Armaturenloch, 60 x 46 cm, Höhe 8 cm, mit Überlauf, Ablage rechts Weiss",Laufen,60 x 46,ohne,mit,rechts

2113 010.100.000,"Waschtisch Laufen Meda, mit 3 Armaturenlöcher, 60 x 46 cm, mit Überlauf, Ablage links Weiss",Laufen,60 x 46,3,mit,links

2113 285.100.000,"Auflegewaschtisch Laufen Meda, ohne Armaturenloch, 100 x 46 cm, Höhe 11,5 cm, mit Überlauf, inkl. Schablone, Unterteil geschliffen, Befestigungsmaterial Umweltdeklaration EPD Weiss",Laufen,100 x 46,ohne,mit,

2113 017.100.000,"Waschtisch Laufen Meda, Armaturenloch, 100 x 46 cm, ohne Überlauf, Ablage rechts Weiss",Laufen,100 x 46,1,ohne,rechts

2113 223.100.000,"Waschtisch Laufen Meda, ohne Armaturenloch, 80 x 46 cm, ohne Überlauf Umweltdeklaration EPD Weiss",Laufen,80 x 46,ohne,ohne,

2113 048.100.000,"Auflegewaschtisch Laufen Meda, ohne Armaturenloch, 60 x 46 cm, Höhe 8 cm, ohne Überlauf, Ablage links Weiss",Laufen,60 x 46,ohne,ohne,links

2113 211.100.000,"Waschtisch Laufen Meda, ohne Armaturenloch, 60 x 46 cm, mit Überlauf Umweltdeklaration EPD Weiss",Laufen,60 x 46,ohne,mit,

2113 248.100.000,"Waschtisch Laufen Meda, mit 3 Armaturenlöcher, 120 x 46 cm, ohne Überlauf Umweltdeklaration EPD Weiss",Laufen,120 x 46,3,ohne,

2113 230.100.000,"Waschtisch Laufen Meda, Armaturenloch, 80 x 46 cm, mit Überlauf, Abstellfläche rechts Umweltdeklaration EPD Weiss",Laufen,80 x 46,1,mit,

2113 027.100.000,"Waschtisch Laufen Meda, ohne Armaturenloch, 120 x 46 cm, mit Überlauf, Ablage rechts Weiss",Laufen,120 x 46,ohne,mit,rechts

2113 200.100.000,"Wandbecken Laufen Meda, Armaturenloch, 45 x 35 cm, mit Überlauf Umweltdeklaration EPD Weiss",Laufen,45 x 35,1,mit,

2113 205.100.000,"Wandbecken Laufen Meda, ohne Armaturenloch, 46 x 23,5 cm, ohne Überlauf Umweltdeklaration EPD Weiss",Laufen,,ohne,ohne,

2113 026.100.000,"Waschtisch Laufen Meda, Armaturenloch, 120 x 46 cm, mit Überlauf, Ablage rechts Weiss",Laufen,120 x 46,1,mit,rechts

2113 233.100.000,"Waschtisch Laufen Meda, Armaturenloch, 80 x 46 cm, ohne Überlauf, Abstellfläche rechts Umweltdeklaration EPD Weiss",Laufen,80 x 46,1,ohne,

2113 263.100.000,"Auflegewaschtisch Laufen Meda, Armaturenloch, 60 x 46 cm, Höhe 11,5 cm, mit Überlauf, inkl. Schablone, Unterteil geschliffen, Befestigungsmaterial Umweltdeklaration EPD Weiss",Laufen,60 x 46,1,mit,

2113 007.100.000,"Waschtisch Laufen Meda, mit 3 Armaturenlöcher, 60 x 46 cm, ohne Überlauf, Ablage rechts Weiss",Laufen,60 x 46,3,ohne,rechts

2113 005.100.000,"Waschtisch Laufen Meda, Armaturenloch, 60 x 46 cm, ohne Überlauf, Ablage rechts Weiss",Laufen,60 x 46,1,ohne,rechts

2113 227.100.000,"Waschtisch Laufen Meda, Armaturenloch, 80 x 46 cm, ohne Überlauf, Abstellfläche links Umweltdeklaration EPD Weiss",Laufen,80 x 46,1,ohne,

2113 226.100.000,"Waschtisch Laufen Meda, ohne Armaturenloch, 80 x 46 cm, mit Überlauf, Abstellfläche links Umweltdeklaration EPD Weiss",Laufen,80 x 46,ohne,mit,

2113 252.100.000,"Doppelwaschtisch Laufen Meda, ohne Armaturenloch, 130 x 46 cm, mit Überlauf Umweltdeklaration EPD Weiss",Laufen,130 x 46,ohne,mit,

2113 028.100.000,"Waschtisch Laufen Meda, mit 3 Armaturenlöcher, 120 x 46 cm, mit Überlauf, Ablage rechts Weiss",Laufen,120 x 46,3,mit,rechts

2113 213.100.000,"Waschtisch Laufen Meda, ohne Armaturenloch, 60 x 46 cm, ohne Überlauf Umweltdeklaration EPD Weiss",Laufen,60 x 46,ohne,ohne,

2113 266.100.000,"Auflegewaschtisch Laufen Meda, ohne Armaturenloch, 60 x 46 cm, Höhe 11,5 cm, ohne Überlauf, inkl. Schablone, Unterteil geschliffen, Befestigungsmaterial Umweltdeklaration EPD Weiss",Laufen,60 x 46,ohne,ohne,

2113 018.100.000,"Waschtisch Laufen Meda, ohne Armaturenloch, 100 x 46 cm, ohne Überlauf, Ablage rechts Weiss",Laufen,100 x 46,ohne,ohne,rechts

2113 031.100.000,"Waschtisch Laufen Meda, mit 3 Armaturenlöcher, 120 x 46 cm, ohne Überlauf, Ablage rechts Weiss",Laufen,120 x 46,3,ohne,rechts

2113 006.100.000,"Waschtisch Laufen Meda, ohne Armaturenloch, 60 x 46 cm, ohne Überlauf, Ablage rechts Weiss",Laufen,60 x 46,ohne,ohne,rechts

2113 024.100.000,"Waschtisch Laufen Meda, ohne Armaturenloch, 100 x 46 cm, ohne Überlauf, Ablage links Weiss",Laufen,100 x 46,ohne,ohne,links

2113 221.100.000,"Waschtisch Laufen Meda, Armaturenloch, 80 x 46 cm, ohne Überlauf Umweltdeklaration EPD Weiss",Laufen,80 x 46,1,ohne,

2113 238.100.000,"Waschtisch Laufen Meda, ohne Armaturenloch, 100 x 46 cm, mit Überlauf Umweltdeklaration EPD Weiss",Laufen,100 x 46,ohne,mit,

2113 262.100.000,"Auflegewaschtisch Laufen Meda, ohne Armaturenloch, 55 x 46 cm, Höhe 11,5 cm, ohne Überlauf, inkl. Schablone, Unterteil geschliffen, Befestigungsmaterial Umweltdeklaration EPD Weiss",Laufen,55 x 46,ohne,ohne,

2113 237.100.000,"Waschtisch Laufen Meda, mit 3 Armaturenlöcher, 100 x 46 cm, mit Überlauf Umweltdeklaration EPD Weiss",Laufen,100 x 46,3,mit,

2113 041.100.000,"Auflegewaschtisch Laufen Meda, Armaturenloch, 60 x 46 cm, Höhe 8 cm, ohne Überlauf, Ablage rechts Weiss",Laufen,60 x 46,1,ohne,rechts

2113 280.100.000,"Auflegewaschtisch Laufen Meda, Armaturenloch, 80 x 46 cm, Höhe 11,5 cm, ohne Überlauf, inkl. Schablone, Unterteil geschliffen, Befestigungsmaterial Umweltdeklaration EPD Weiss",Laufen,80 x 46,1,ohne,

2113 269.100.000,"Auflegewaschtisch Laufen Meda, ohne Armaturenloch, 60 x 35 cm, Höhe 10,5 cm, mit Überlauf, inkl. Schablone, Unterteil geschliffen, Befestigungsmaterial Umweltdeklaration EPD Weiss",Laufen,60 x 35,ohne,mit,

2113 033.100.000,"Waschtisch Laufen Meda, ohne Armaturenloch, 120 x 46 cm, mit Überlauf, Ablage links Weiss",Laufen,120 x 46,ohne,mit,links

2113 232.100.000,"Waschtisch Laufen Meda, ohne Armaturenloch, 80 x 46 cm, mit Überlauf, Abstellfläche rechts Umweltdeklaration EPD Weiss",Laufen,80 x 46,ohne,mit,

2113 242.100.000,"Waschtisch Laufen Meda, Armaturenloch, 120 x 46 cm, mit Überlauf Umweltdeklaration EPD Weiss",Laufen,120 x 46,1,mit,

2113 245.100.000,"Waschtisch Laufen Meda, ohne Armaturenloch, 120 x 46 cm, mit Überlauf Umweltdeklaration EPD Weiss",Laufen,120 x 46,ohne,mit,

2113 212.100.000,"Waschtisch Laufen Meda, Armaturenloch, 60 x 46 cm, ohne Überlauf Umweltdeklaration EPD Weiss",Laufen,60 x 46,1,ohne,

2113 286.100.000,"Auflegewaschtisch Laufen Meda, Armaturenloch, 100 x 46 cm, Höhe 11,5 cm, ohne Überlauf, inkl. Schablone, Unterteil geschliffen, Befestigungsmaterial Umweltdeklaration EPD Weiss",Laufen,100 x 46,1,ohne,

2113 044.100.000,"Auflegewaschtisch Laufen Meda, Armaturenloch, 60 x 46 cm, Höhe 8 cm, mit Überlauf, Ablage links Weiss",Laufen,60 x 46,1,mit,links

2113 260.100.000,"Auflegewaschtisch Laufen Meda, ohne Armaturenloch, 55 x 46 cm, Höhe 11,5 cm, mit Überlauf, inkl. Schablone, Unterteil geschliffen, Befestigungsmaterial Umweltdeklaration EPD Weiss",Laufen,55 x 46,ohne,mit,

2113 236.100.000,"Waschtisch Laufen Meda, Armaturenloch, 100 x 46 cm, mit Überlauf Umweltdeklaration EPD Weiss",Laufen,100 x 46,1,mit,

2113 029.100.000,"Waschtisch Laufen Meda, Armaturenloch, 120 x 46 cm, ohne Überlauf, Ablage rechts Weiss",Laufen,120 x 46,1,ohne,rechts

2113 013.100.000,"Waschtisch Laufen Meda, mit 3 Armaturenlöcher, 60 x 46 cm, ohne Überlauf, Ablage links Weiss",Laufen,60 x 46,3,ohne,links

2113 214.100.000,"Waschtisch Laufen Meda, Armaturenloch, 65 x 46 cm, mit Überlauf Umweltdeklaration EPD Weiss",Laufen,65 x 46,1,mit,

2113 278.100.000,"Auflegewaschtisch Laufen Meda, mit 3 Armaturenlöcher, 80 x 46 cm, Höhe 11,5 cm, mit Überlauf, inkl. Schablone, Unterteil geschliffen, Befestigungsmaterial Umweltdeklaration EPD Weiss",Laufen,80 x 46,3,mit,

2113 267.100.000,"Auflegewaschtisch Laufen Meda, Armaturenloch links, 60 x 35 cm, Höhe 10,5 cm, mit Überlauf, inkl. Schablone, Unterteil geschliffen, Befestigungsmaterial Umweltdeklaration EPD Weiss",Laufen,60 x 35,1,mit,links

2113 277.100.000,"Auflegewaschtisch Laufen Meda, Armaturenloch, 80 x 46 cm, Höhe 11,5 cm, mit Überlauf, inkl. Schablone, Unterteil geschliffen, Befestigungsmaterial Umweltdeklaration EPD Weiss",Laufen,80 x 46,1,mit,

2113 202.100.000,"Wandbecken Laufen Meda, Armaturenloch, 45 x 35 cm, ohne Überlauf Umweltdeklaration EPD Weiss",Laufen,45 x 35,1,ohne,

2113 282.100.000,"Auflegewaschtisch Laufen Meda, ohne Armaturenloch, 80 x 46 cm, Höhe 11,5 cm, ohne Überlauf, inkl. Schablone, Unterteil geschliffen, Befestigungsmaterial Umweltdeklaration EPD Weiss",Laufen,80 x 46,ohne,ohne,

2113 036.100.000,"Waschtisch Laufen Meda, ohne Armaturenloch, 120 x 46 cm, ohne Überlauf, Ablage links Weiss",Laufen,120 x 46,ohne,ohne,links

2113 276.100.000,"Auflegewaschtisch Laufen Meda, ohne Armaturenloch, 65 x 46 cm, Höhe 11,5 cm, ohne Überlauf, inkl. Schablone, Unterteil geschliffen, Befestigungsmaterial Umweltdeklaration EPD Weiss",Laufen,65 x 46,ohne,ohne,

2113 235.100.000,"Waschtisch Laufen Meda, ohne Armaturenloch, 80 x 46 cm, ohne Überlauf, Abstellfläche rechts Umweltdeklaration EPD Weiss",Laufen,80 x 46,ohne,ohne,

2113 257.100.000,"Auflegewaschtisch Laufen Meda, Armaturenloch, 45 x 35 cm, Höhe 8 cm, ohne Überlauf, inkl. Schablone, Unterteil geschliffen, Befestigungsmaterial Umweltdeklaration EPD Weiss",Laufen,45 x 35,1,ohne,

2113 279.100.000,"Auflegewaschtisch Laufen Meda, ohne Armaturenloch, 80 x 46 cm, Höhe 11,5 cm, mit Überlauf, inkl. Schablone, Unterteil geschliffen, Befestigungsmaterial Umweltdeklaration EPD Weiss",Laufen,80 x 46,ohne,mit,

2113 004.100.000,"Waschtisch Laufen Meda, mit 3 Armaturenlöcher, 60 x 46 cm, mit Überlauf, Ablage rechts Weiss",Laufen,60 x 46,3,mit,rechts

2113 209.100.000,"Waschtisch Laufen Meda, ohne Armaturenloch, 55 x 46 cm, ohne Überlauf Umweltdeklaration EPD Weiss",Laufen,55 x 46,ohne,ohne,

2113 215.100.000,"Waschtisch Laufen Meda, ohne Armaturenloch, 65 x 46 cm, mit Überlauf Umweltdeklaration EPD Weiss",Laufen,65 x 46,ohne,mit,

2113 228.100.000,"Waschtisch Laufen Meda, mit 3 Armaturenlöcher, 80 x 46 cm, ohne Überlauf, Abstellfläche links Umweltdeklaration EPD Weiss",Laufen,80 x 46,3,ohne,

2113 030.100.000,"Waschtisch Laufen Meda, ohne Armaturenloch, 120 x 46 cm, ohne Überlauf, Ablage rechts Weiss",Laufen,120 x 46,ohne,ohne,rechts

2113 002.100.000,"Waschtisch Laufen Meda, Armaturenloch, 60 x 46 cm, mit Überlauf, Ablage rechts Weiss",Laufen,60 x 46,1,mit,rechts

2113 218.100.000,"Waschtisch Laufen Meda, Armaturenloch, 80 x 46 cm, mit Überlauf Umweltdeklaration EPD Weiss",Laufen,80 x 46,1,mit,

2113 035.100.000,"Waschtisch Laufen Meda, Armaturenloch, 120 x 46 cm, ohne Überlauf, Ablage links Weiss",Laufen,120 x 46,1,ohne,links

2113 037.100.000,"Waschtisch Laufen Meda, mit 3 Armaturenlöcher, 120 x 46 cm, ohne Überlauf, Ablage links Weiss",Laufen,120 x 46,3,ohne,links

2113 011.100.000,"Waschtisch Laufen Meda, Armaturenloch, 60 x 46 cm, ohne Überlauf, Ablage links Weiss",Laufen,60 x 46,1,ohne,links

2113 049.100.000,"Auflegewaschtisch Laufen Meda, mit 3 Armaturenlöcher, 60 x 46 cm, Höhe 8 cm, ohne Überlauf, Ablage links Weiss",Laufen,60 x 46,3,ohne,links

2113 249.100.000,"Waschtisch Laufen Meda, ohne Armaturenloch, 120 x 46 cm, ohne Überlauf Umweltdeklaration EPD Weiss",Laufen,120 x 46,ohne,ohne,

2113 254.100.000,"Doppelwaschtisch Laufen Meda, ohne Armaturenloch, 130 x 46 cm, ohne Überlauf Umweltdeklaration EPD Weiss",Laufen,130 x 46,ohne,ohne,

2113 047.100.000,"Auflegewaschtisch Laufen Meda, Armaturenloch, 60 x 46 cm, Höhe 8 cm, ohne Überlauf, Ablage links Weiss",Laufen,60 x 46,1,ohne,links

2113 224.100.000,"Waschtisch Laufen Meda, Armaturenloch, 80 x 46 cm, mit Überlauf, Abstellfläche links Umweltdeklaration EPD Weiss",Laufen,80 x 46,1,mit,

2113 043.100.000,"Auflegewaschtisch Laufen Meda, mit 3 Armaturenlöcher, 60 x 46 cm, Höhe 8 cm, ohne Überlauf, Ablage rechts Weiss",Laufen,60 x 46,3,ohne,rechts

2113 268.100.000,"Auflegewaschtisch Laufen Meda, Armaturenloch rechts, 60 x 35 cm, Höhe 10,5 cm, mit Überlauf, inkl. Schablone, Unterteil geschliffen, Befestigungsmaterial Umweltdeklaration EPD Weiss",Laufen,60 x 35,1,mit,rechts

2113 229.100.000,"Waschtisch Laufen Meda, ohne Armaturenloch, 80 x 46 cm, ohne Überlauf, Abstellfläche links Umweltdeklaration EPD Weiss",Laufen,80 x 46,ohne,ohne,

2113 275.100.000,"Auflegewaschtisch Laufen Meda, Armaturenloch, 65 x 46 cm, Höhe 11,5 cm, ohne Überlauf, inkl. Schablone, Unterteil geschliffen, Befestigungsmaterial Umweltdeklaration EPD Weiss",Laufen,65 x 46,1,ohne,

2113 208.100.000,"Waschtisch Laufen Meda, Armaturenloch, 55 x 46 cm, ohne Überlauf Umweltdeklaration EPD Weiss",Laufen,55 x 46,1,ohne,

2113 217.100.000,"Waschtisch Laufen Meda, ohne Armaturenloch, 65 x 46 cm, ohne Überlauf Umweltdeklaration EPD Weiss",Laufen,65 x 46,ohne,ohne,

2113 207.100.000,"Waschtisch Laufen Meda, ohne Armaturenloch, 55 x 46 cm, mit Überlauf Umweltdeklaration EPD Weiss",Laufen,55 x 46,ohne,mit,

2113 240.100.000,"Waschtisch Laufen Meda, mit 3 Armaturenlöcher, 100 x 46 cm, ohne Überlauf Umweltdeklaration EPD Weiss",Laufen,100 x 46,3,ohne,

2113 046.100.000,"Auflegewaschtisch Laufen Meda, mit 3 Armaturenlöcher, 60 x 46 cm, Höhe 8 cm, mit Überlauf, Ablage links Weiss",Laufen,60 x 46,3,mit,links

2113 000.100.000,"Wandbecken Laufen Meda, Armaturenloch links, 46 x 23,5 cm, ohne Überlauf Weiss",Laufen,,1,ohne,links

2113 313.536.000,"Hochschrank Laufen Meda, Breite 35,3 cm, Höhe 165 cm, Tiefe 33,5 cm, 1 Türe, Soft- Close, Griffleiste, 4 Glasfachböden fest, Befestigungsmaterial, Band rechts Weiss matt",Laufen,,,,

2113 310.536.000,"Waschtischmöbel Laufen Meda, Breite 118,2 cm, Höhe 51,5 cm, Tiefe 44,8 cm, 2 Schubladen, Griffleisten, Soft- Close, Schubladenorganiser, für Möbelsifon, zu 2113 242 / 243 / 244 / 245 / 246 / 247 / 248 / 249, Befestigungsmaterial Weiss matt",Laufen,,,,

2113 302.536.000,"Waschtischmöbel Laufen Meda, Breite 43,7 cm, Höhe 51,5 cm, Tiefe 33,9 cm, 1 Türe, Griffleiste, Soft- Close, 1 Glastablar fest, für Möbelsifon, zu 2113 200 / 201 / 202 / 203, Befestigungsmaterial, Band rechts Weiss matt",Laufen,,,,

2113 314.536.000,"Waschtischmöbel Laufen Meda, Breite 43,7 cm, Höhe 51,5 cm, Tiefe 22,2 cm, 1 Türe, Band links, Griffleiste, Soft- Close, 1 Glastablar fest, für Möbelsifon, zu 2113 000 / 001, Befestigungsmaterial Weiss matt",Laufen,,,,

2113 315.536.000,"Waschtischmöbel Laufen Meda, Breite 58,4 cm, Höhe 51,5 cm, Tiefe 44,8 cm, 2 Schubladen, Griffleisten, Soft- Close, Schubladenorganiser, für Möbelsifon, zu 2113 002 / 003 / 004 / 005 / 006 / 007, Befestigungsmaterial Weiss matt",Laufen,,,,