ArtNr,Label,Hersteller,Size,Hahnloch,Ueberlauf,Ablage
2211 402.100.000,"Wandbecken Alterna primo round, 40 x 34,5 cm, Armaturenloch, mit Überlauf Umweltdeklaration EPD Weiss",Alterna,40 x 34.5,1,mit,
,,,,,,
2116 225.100.000,"Doppelwaschtisch Alterna cubito, 130 x 48,5 cm, mit 2 Armaturenlöcher, mit Überlauf Umweltdeklaration EPD Weiss",Alterna,130 x 48.5,2,mit,
,,,,,,
2110 101.100.000,"Waschtisch Alterna calea, 55 x 46 cm, Armaturenloch, mit Überlauf Umweltdeklaration EPD Weiss",Alterna,55 x 46,1,mit,
,,,,,,
2211 404.100.000,"Waschtisch Alterna primo round, ohne Armaturenloch, 56 x 45 cm, mit Überlauf Umweltdeklaration EPD Weiss",Alterna,56 x 45,ohne,mit,
,,,,,,
2116 213.100.000,"Waschtisch Alterna cubito, 65 x 48,5 cm, Armaturenloch, mit Überlauf Umweltdeklaration EPD Weiss",Alterna,65 x 48.5,1,mit,
,,,,,,
2110 105.100.000,"Waschtisch Alterna calea, 80 x 46 cm, Armaturenloch, mit Überlauf Umweltdeklaration EPD Weiss",Alterna,80 x 46,1,mit,
,,,,,,
2211 400.100.000,"Wandbecken Alterna primo, 45 x 34 cm, Armaturenloch, mit Überlauf Weiss",Alterna,45 x 34,1,mit,
,,,,,,
2211 407.100.000,"Waschtisch Alterna primo, 60 x 48 cm, Armaturenloch, mit Überlauf Weiss",Alterna,60 x 48,1,mit,
,,,,,,
2116 211.100.000,"Waschtisch Alterna cubito, 55 x 42 cm, Armaturenloch, mit Überlauf Umweltdeklaration EPD Weiss",Alterna,55 x 42,1,mit,
,,,,,,
2110 106.100.000,"Waschtisch Alterna calea, 100 x 46 cm, Armaturenloch, mit Überlauf Umweltdeklaration EPD Weiss",Alterna,100 x 46,1,mit,
,,,,,,
2110 103.100.000,"Waschtisch Alterna calea, Abstellfläche links, 80 x 46 cm, Armaturenloch, mit Überlauf Umweltdeklaration EPD Weiss",Alterna,80 x 46,1,mit,links
,,,,,,
2211 408.100.000,"Waschtisch Alterna primo, 80 x 48 cm, Armaturenloch, mit Überlauf Weiss",Alterna,80 x 48,1,mit,
,,,,,,
2110 102.100.000,"Waschtisch Alterna calea, 60 x 46 cm, Armaturenloch, mit Überlauf Umweltdeklaration EPD Weiss",Alterna,60 x 46,1,mit,
,,,,,,
2110 107.100.000,"Doppelwaschtisch Alterna calea, 120 x 46 cm, mit 2 Armaturenlöcher, mit Überlauf Umweltdeklaration EPD Weiss",Alterna,120 x 46,2,mit,
,,,,,,
2110 100.100.000,"Wandbecken Alterna calea, 45 x 36 cm, Armaturenloch, mit Überlauf Umweltdeklaration EPD Weiss",Alterna,45 x 36,1,mit,
,,,,,,
2211 403.100.000,"Waschtisch Alterna primo round, Armaturenloch, 56 x 45 cm, mit Überlauf Umweltdeklaration EPD Weiss",Alterna,56 x 45,1,mit,
,,,,,,
2116 221.100.000,"Waschtisch Alterna cubito, 85 x 48,5 cm, Armaturenloch, mit Überlauf Umweltdeklaration EPD Weiss",Alterna,85 x 48.5,1,mit,
,,,,,,
2116 212.100.000,"Waschtisch Alterna cubito, 60 x 45 cm, Armaturenloch, mit Überlauf Umweltdeklaration EPD Weiss",Alterna,60 x 45,1,mit,
,,,,,,
2211 406.100.000,"Waschtisch Alterna primo round, ohne Armaturenloch, 60 x 45 cm, mit Überlauf Umweltdeklaration EPD Weiss",Alterna,60 x 45,ohne,mit,
,,,,,,
2211 405.100.000,"Waschtisch Alterna primo round, Armaturenloch, 60 x 45 cm, mit Überlauf Umweltdeklaration EPD Weiss",Alterna,60 x 45,1,mit,
,,,,,,
2116 201.100.000,"Wandbecken Alterna cubito, 45 x 34 cm, Armaturenloch, mit Überlauf Umweltdeklaration EPD Weiss",Alterna,45 x 34,1,mit,
,,,,,,
2211 409.100.000,"Waschtisch Alterna primo, 100 x 48 cm, Armaturenloch, mit Überlauf Weiss",Alterna,100 x 48,1,mit,
,,,,,,
2110 104.100.000,"Waschtisch Alterna calea, Abstellfläche rechts, 80 x 46 cm, Armaturenloch, mit Überlauf Umweltdeklaration EPD Weiss",Alterna,80 x 46,1,mit,rechts
,,,,,,
2211 410.100.000,"Doppelwaschtisch Alterna primo, 120 x 48 cm, mit 2 Armaturenlöcher, mit Überlauf Weiss",Alterna,120 x 48,2,mit,
,,,,,,
2110 303.105.000,"Waschtisch Alterna dinea, ohne Armaturenloch, 50 x 46 cm, mit Überlauf, Befestigungsmaterial Umweltdeklaration EPD Weiss Cleaneffekt",Alterna,50 x 46,ohne,mit,
,,,,,,
2233 103.105.000,"Wandbecken Alterna elena, Armaturenloch, 40 x 32 cm, ohne Überlauf, Befestigungsmaterial Umweltdeklaration EPD Weiss Cleaneffekt",Alterna,40 x 32,1,ohne,
,,,,,,
2233 111.105.000,"Waschtisch Alterna elena, Armaturenloch, 50 x 47 cm, mit Überlauf, Befestigungsmaterial Umweltdeklaration EPD Weiss Cleaneffekt",Alterna,50 x 47,1,mit,
,,,,,,
2233 114.105.000,"Waschtisch Alterna elena, Armaturenloch, 80 x 47 cm, mit Überlauf, Abstellfläche links, Befestigungsmaterial Umweltdeklaration EPD Weiss Cleaneffekt",Alterna,80 x 47,1,mit,links
,,,,,,
2110 317.105.000,"Doppelwaschtisch Alterna dinea, ohne Armaturenlöcher, 120 x 46 cm, mit Überlauf, Befestigungsmaterial Umweltdeklaration EPD Weiss Cleaneffekt",Alterna,120 x 46,,mit,
,,,,,,
2116 808.105.000,"Waschtisch Alterna modena, Armaturenloch, 50 x 40 cm, mit Überlauf, Befestigungsmaterial Umweltdeklaration EPD Weiss Cleaneffekt",Alterna,50 x 40,1,mit,
,,,,,,
2110 302.105.000,"Waschtisch Alterna dinea, Armaturenloch, 50 x 46 cm, mit Überlauf, Befestigungsmaterial Umweltdeklaration EPD Weiss Cleaneffekt",Alterna,50 x 46,1,mit,
,,,,,,
2233 125.105.000,"Waschtisch Alterna elena, ohne Armaturenloch, 80 x 47 cm, mit Überlauf, Abstellfläche rechts, Befestigungsmaterial Umweltdeklaration EPD Weiss Cleaneffekt",Alterna,80 x 47,ohne,mit,rechts
,,,,,,
2110 315.105.000,"Waschtisch Alterna dinea, ohne Armaturenloch, 120 x 46 cm, mit Überlauf, Befestigungsmaterial Umweltdeklaration EPD Weiss Cleaneffekt",Alterna,120 x 46,ohne,mit,
,,,,,,
2233 116.105.000,"Waschtisch Alterna elena, Armaturenloch, 100 x 47 cm, mit Überlauf, Befestigungsmaterial Umweltdeklaration EPD Weiss Cleaneffekt",Alterna,100 x 47,1,mit,
,,,,,,
2233 119.105.000,"Doppelwaschtisch Alterna elena, mit 2 Armaturenlöcher, 120 x 47 cm, mit Überlauf, Befestigungsmaterial Umweltdeklaration EPD Weiss Cleaneffekt",Alterna,120 x 47,2,mit,
,,,,,,
2231 602.105.000,"Handwaschbecken Alterna elena, ohne Armaturenloch, 40 x 23 cm, ohne Überlauf, Befestigungsmaterial Umweltdeklaration EPD Weiss Cleaneffekt",Alterna,40 x 23,ohne,ohne,
,,,,,,
2116 908.105.000,"Waschtisch Alterna modena S, ohne Armaturenloch, 100 x 50 cm, mit Überlauf, Befestigungsmaterial Umweltdeklaration EPD Weiss Cleaneffekt",Alterna,100 x 50,ohne,mit,
,,,,,,
2110 316.105.000,"Doppelwaschtisch Alterna dinea, mit 2 Armaturenlöcher, 120 x 46 cm, mit Überlauf, Befestigungsmaterial Umweltdeklaration EPD Weiss Cleaneffekt",Alterna,120 x 46,2,mit,
,,,,,,
2110 301.105.000,"Wandbecken Alterna dinea, ohne Armaturenloch, 45 x 35 cm, mit Überlauf, Befestigungsmaterial Umweltdeklaration EPD Weiss Cleaneffekt",Alterna,45 x 35,ohne,mit,
,,,,,,
2233 115.105.000,"Waschtisch Alterna elena, Armaturenloch, 80 x 47 cm, mit Überlauf, Abstellfläche rechts, Befestigungsmaterial Umweltdeklaration EPD Weiss Cleaneffekt",Alterna,80 x 47,1,mit,rechts
,,,,,,
2233 102.105.000,"Wandbecken Alterna elena, ohne Armaturenloch, 40 x 32 cm, ohne Überlauf, Befestigungsmaterial Umweltdeklaration EPD Weiss Cleaneffekt",Alterna,40 x 32,ohne,ohne,
,,,,,,
2116 809.105.000,"Waschtisch Alterna modena, ohne Armaturenloch, 50 x 40 cm, mit Überlauf, Befestigungsmaterial Umweltdeklaration EPD Weiss Cleaneffekt",Alterna,50 x 40,ohne,mit,
,,,,,,
2116 822.105.000,"Doppelwaschtisch Alterna modena, 125 x 48 cm, mit Überlauf, ohne Armaturenlöcher Befestigungsmaterial Weiss Cleaneffekt",Alterna,125 x 48,,mit,
,,,,,,
2116 813.105.000,"Waschtisch Alterna modena, ohne Armaturenloch, 60 x 45 cm, mit Überlauf, Befestigungsmaterial Umweltdeklaration EPD Weiss Cleaneffekt",Alterna,60 x 45,ohne,mit,
,,,,,,
2231 604.105.000,"Handwaschbecken Alterna elena, Armaturenloch, 50 x 25 cm, ohne Überlauf, Befestigungsmaterial Umweltdeklaration EPD Weiss Cleaneffekt",Alterna,50 x 25,1,ohne,
,,,,,,
2231 607.105.000,"Handwaschbecken Alterna elena, ohne Armaturenloch, 45 x 35 cm, ohne Überlauf, Befestigungsmaterial Umweltdeklaration EPD Weiss Cleaneffekt",Alterna,45 x 35,ohne,ohne,
,,,,,,
2233 122.105.000,"Waschtisch Alterna elena, ohne Armaturenloch, 60 x 47 cm, mit Überlauf, Befestigungsmaterial Umweltdeklaration EPD Weiss Cleaneffekt",Alterna,60 x 47,ohne,mit,
,,,,,,
2116 912.105.000,"Doppelwaschtisch Alterna modena S, ohne Armaturenlöcher, 125 x 50 cm, mit Überlauf, Befestigungsmaterial Umweltdeklaration EPD Weiss Cleaneffekt",Alterna,125 x 50,,mit,
,,,,,,
2231 610.105.000,"Waschtisch Alterna elena 55 x 35 cm, ohne Überlauf Armaturenloch Befestigungsmaterial Weiss Cleaneffekt",Alterna,55 x 35,1,ohne,
,,,,,,
2231 612.105.000,"Waschtisch Alterna elena 55 x 35 cm, ohne Überlauf ohne Armaturenloch Befestigungsmaterial Weiss Cleaneffekt",Alterna,55 x 35,ohne,ohne,
,,,,,,
2116 911.105.000,"Doppelwaschtisch Alterna modena S, mit 2 Armaturenlöcher, 125 x 50 cm, mit Überlauf, Befestigungsmaterial Umweltdeklaration EPD Weiss Cleaneffekt",Alterna,125 x 50,2,mit,
,,,,,,
2110 304.105.000,"Waschtisch Alterna dinea, Armaturenloch, 60 x 46 cm, mit Überlauf, Befestigungsmaterial Umweltdeklaration EPD Weiss Cleaneffekt",Alterna,60 x 46,1,mit,
,,,,,,
2233 123.105.000,"Waschtisch Alterna elena, ohne Armaturenloch, 80 x 47 cm, mit Überlauf, Befestigungsmaterial Umweltdeklaration EPD Weiss Cleaneffekt",Alterna,80 x 47,ohne,mit,
,,,,,,
2110 305.105.000,"Waschtisch Alterna dinea, ohne Armaturenloch, 60 x 46 cm, mit Überlauf, Befestigungsmaterial Umweltdeklaration EPD Weiss Cleaneffekt",Alterna,60 x 46,ohne,mit,
,,,,,,
2233 128.105.000,"Waschtisch Alterna elena, ohne Armaturenloch, 120 x 47 cm, mit Überlauf, Befestigungsmaterial Umweltdeklaration EPD Weiss Cleaneffekt",Alterna,120 x 47,ohne,mit,
,,,,,,
2110 312.105.000,"Waschtisch Alterna dinea, Armaturenloch, 100 x 46 cm, mit Überlauf, Befestigungsmaterial Umweltdeklaration EPD Weiss Cleaneffekt",Alterna,100 x 46,1,mit,
,,,,,,
2233 117.105.000,"Waschtisch Alterna elena, Armaturenloch, 100 x 47 cm, mit Überlauf, mit Abstellflächen, Befestigungsmaterial Umweltdeklaration EPD Weiss Cleaneffekt",Alterna,100 x 47,1,mit,
,,,,,,
2116 811.105.000,"Waschtisch Alterna modena, Armaturenloch, 60 x 45 cm, mit Überlauf, Befestigungsmaterial Umweltdeklaration EPD Weiss Cleaneffekt",Alterna,60 x 45,1,mit,
,,,,,,
2116 907.105.000,"Waschtisch Alterna modena S, Armaturenloch, 100 x 50 cm, mit Überlauf, Befestigungsmaterial Umweltdeklaration EPD Weiss Cleaneffekt",Alterna,100 x 50,1,mit,
,,,,,,
2233 126.105.000,"Waschtisch Alterna elena, ohne Armaturenloch, 100 x 47 cm, mit Überlauf, Befestigungsmaterial Umweltdeklaration EPD Weiss Cleaneffekt",Alterna,100 x 47,ohne,mit,
,,,,,,
2233 113.105.000,"Waschtisch Alterna elena, Armaturenloch, 80 x 47 cm, mit Überlauf, Befestigungsmaterial Umweltdeklaration EPD Weiss Cleaneffekt",Alterna,80 x 47,1,mit,
,,,,,,
2116 801.105.000,"Wandbecken Alterna modena, Armaturenloch, 45 x 34 cm, mit Überlauf, Befestigungsmaterial Umweltdeklaration EPD Weiss Cleaneffekt",Alterna,45 x 34,1,mit,
,,,,,,
2233 121.105.000,"Waschtisch Alterna elena, ohne Armaturenloch, 50 x 47 cm, mit Überlauf, Befestigungsmaterial Umweltdeklaration EPD Weiss Cleaneffekt",Alterna,50 x 47,ohne,mit,
,,,,,,
2233 131.105.000,"Waschtisch Alterna elena, mit 2 Armaturenlöcher, 100 x 47 cm, mit Überlauf, Befestigungsmaterial Umweltdeklaration EPD Weiss Cleaneffekt",Alterna,100 x 47,2,mit,
,,,,,,
2116 905.105.000,"Waschtisch Alterna modena S, Armaturenloch, 80 x 50 cm, mit Überlauf, Befestigungsmaterial Umweltdeklaration EPD Weiss Cleaneffekt",Alterna,80 x 50,1,mit,
,,,,,,
2110 308.105.000,"Waschtisch Alterna dinea, Armaturenloch, 80 x 46 cm, mit Überlauf, Abstellfläche links, Befestigungsmaterial Umweltdeklaration EPD Weiss Cleaneffekt",Alterna,80 x 46,1,mit,links
,,,,,,
2110 307.105.000,"Waschtisch Alterna dinea, ohne Armaturenloch, 80 x 46 cm, mit Überlauf, Befestigungsmaterial Umweltdeklaration EPD Weiss Cleaneffekt",Alterna,80 x 46,ohne,mit,
,,,,,,
2231 630.105.000,"Waschtisch Alterna elena 65 x 35 cm, ohne Überlauf ohne Armaturenloch Befestigungsmaterial Weiss Cleaneffekt",Alterna,65 x 35,ohne,ohne,
,,,,,,
2116 803.105.000,"Wandbecken Alterna modena, ohne Armaturenloch, 45 x 34 cm, mit Überlauf, Befestigungsmaterial Umweltdeklaration EPD Weiss Cleaneffekt",Alterna,45 x 34,ohne,mit,
,,,,,,
2110 313.105.000,"Waschtisch Alterna dinea, ohne Armaturenloch, 100 x 46 cm, mit Überlauf, Befestigungsmaterial Umweltdeklaration EPD Weiss Cleaneffekt",Alterna,100 x 46,ohne,mit,
,,,,,,
2231 605.105.000,"Handwaschbecken Alterna elena, ohne Armaturenloch, 50 x 25 cm, ohne Überlauf, Befestigungsmaterial Umweltdeklaration EPD Weiss Cleaneffekt",Alterna,50 x 25,ohne,ohne,
,,,,,,
2110 306.105.000,"Waschtisch Alterna dinea, Armaturenloch, 80 x 46 cm, mit Überlauf, Befestigungsmaterial Umweltdeklaration EPD Weiss Cleaneffekt",Alterna,80 x 46,1,mit,
,,,,,,
2110 309.105.000,"Waschtisch Alterna dinea, ohne Armaturenloch, 80 x 46 cm, mit Überlauf, Abstellfläche links, Befestigungsmaterial Umweltdeklaration EPD Weiss Cleaneffekt",Alterna,80 x 46,ohne,mit,links
,,,,,,
2116 903.105.000,"Waschtisch Alterna modena S, Armaturenloch, 60 x 50 cm, mit Überlauf, Befestigungsmaterial Umweltdeklaration EPD Weiss Cleaneffekt",Alterna,60 x 50,1,mit,
,,,,,,
2233 118.105.000,"Waschtisch Alterna elena, Armaturenloch, 120 x 47 cm, mit Überlauf, Befestigungsmaterial Umweltdeklaration EPD Weiss Cleaneffekt",Alterna,120 x 47,1,mit,
,,,,,,
2233 124.105.000,"Waschtisch Alterna elena, ohne Armaturenloch, 80 x 47 cm, mit Überlauf, Abstellfläche links, Befestigungsmaterial Umweltdeklaration EPD Weiss Cleaneffekt",Alterna,80 x 47,ohne,mit,links
,,,,,,
2110 300.105.000,"Wandbecken Alterna dinea, Armaturenloch, 45 x 35 cm, mit Überlauf, Befestigungsmaterial Umweltdeklaration EPD Weiss Cleaneffekt",Alterna,45 x 35,1,mit,
,,,,,,
2231 620.105.000,"Waschtisch Alterna elena 65 x 35 cm, ohne Überlauf Armaturenloch Befestigungsmaterial Weiss Cleaneffekt",Alterna,65 x 35,1,ohne,
,,,,,,
2110 314.105.000,"Waschtisch Alterna dinea, Armaturenloch, 120 x 46 cm, mit Überlauf, Befestigungsmaterial Umweltdeklaration EPD Weiss Cleaneffekt",Alterna,120 x 46,1,mit,
,,,,,,
2233 112.105.000,"Waschtisch Alterna elena, Armaturenloch, 60 x 47 cm, mit Überlauf, Befestigungsmaterial Umweltdeklaration EPD Weiss Cleaneffekt",Alterna,60 x 47,1,mit,
,,,,,,
2110 311.105.000,"Waschtisch Alterna dinea, ohne Armaturenloch, 80 x 46 cm, mit Überlauf, Abstellfläche rechts, Befestigungsmaterial Umweltdeklaration EPD Weiss Cleaneffekt",Alterna,80 x 46,ohne,mit,rechts
,,,,,,
2233 129.105.000,"Doppelwaschtisch Alterna elena, ohne Armaturenlöcher, 120 x 47 cm, mit Überlauf, Befestigungsmaterial Umweltdeklaration EPD Weiss Cleaneffekt",Alterna,120 x 47,,mit,
,,,,,,
2233 127.105.000,"Waschtisch Alterna elena, ohne Armaturenloch, 100 x 47 cm, mit Überlauf, mit Abstellflächen, Befestigungsmaterial Umweltdeklaration EPD Weiss Cleaneffekt",Alterna,100 x 47,ohne,mit,
,,,,,,
2231 601.105.000,"Handwaschbecken Alterna elena, Armaturenloch, 40 x 23 cm, ohne Überlauf, Befestigungsmaterial Umweltdeklaration EPD Weiss Cleaneffekt",Alterna,40 x 23,1,ohne,
,,,,,,
2233 132.105.000,"Waschtisch Alterna elena, mit 2 Armaturenlöcher, 120 x 47 cm, mit Überlauf, Befestigungsmaterial Umweltdeklaration EPD Weiss Cleaneffekt",Alterna,120 x 47,2,mit,
,,,,,,
2110 310.105.000,"Waschtisch Alterna dinea, Armaturenloch, 80 x 46 cm, mit Überlauf, Abstellfläche rechts, Befestigungsmaterial Umweltdeklaration EPD Weiss Cleaneffekt",Alterna,80 x 46,1,mit,rechts
,,,,,,
2116 904.105.000,"Waschtisch Alterna modena S, ohne Armaturenloch, 60 x 50 cm, mit Überlauf, Befestigungsmaterial Umweltdeklaration EPD Weiss Cleaneffekt",Alterna,60 x 50,ohne,mit,
,,,,,,
2116 906.105.000,"Waschtisch Alterna modena S, ohne Armaturenloch, 80 x 50 cm, mit Überlauf, Befestigungsmaterial Umweltdeklaration EPD Weiss Cleaneffekt",Alterna,80 x 50,ohne,mit,
,,,,,,
2231 606.105.000,"Handwaschbecken Alterna elena, Armaturenloch, 45 x 35 cm, ohne Überlauf, Befestigungsmaterial Umweltdeklaration EPD Weiss Cleaneffekt",Alterna,45 x 35,1,ohne,