ArtNr,Label,Brand,Size,Material,Form
1171 398.536.000,"Duschenwanne Laufen Pro Superflach 180 x 80 x 3,3 cm auch für flächenbündigen Einbau, Ablaufabdeckung Edelstahl lackiert in Wannenfarbe, abnehmbar Ablaufloch Ø 90 mm Ablauf Längsseite Mitte Mineralwerkstoff Marbond Oberfläche mit Struktur Weiss matt",Laufen,180 x 80,Stahl-Email,Rechteckig

1171 365.536.000,"Duschenwanne Laufen Pro Superflach, 120 x 90 x 3,3 cm, auch für flächenbündigen Einbau geeignet, Ablaufabdeckung Edelstahl lackiert in Wannenfarbe, abnehmbar, Ablaufloch Ø 90 mm, Mineralwerkstoff Marbond Oberfläche mit Struktur Weiss matt",Laufen,120 x 90,Stahl-Email,Rechteckig

1171 378.536.000,"Duschenwanne Laufen Pro Superflach 160 x 80 x 4,2 cm auch für flächenbündigen Einbau, Ablaufabdeckung Edelstahl lackiert in Wannenfarbe, abnehmbar Ablaufloch Ø 90 mm Ablauf Schmalseite Mitte Mineralwerkstoff Marbond Oberfläche mit Struktur Weiss matt",Laufen,160 x 80,Stahl-Email,Rechteckig

1171 356.536.000,"Duschenwanne Laufen Pro Superflach, 120 x 120 x 3,3 cm, auch für flächenbündigen Einbau geeignet, Ablaufabdeckung Edelstahl lackiert in Wannenfarbe, abnehmbar, Ablaufloch Ø 90 mm, Mineralwerkstoff Marbond Oberfläche mit Struktur Weiss matt",Laufen,120 x 120,Stahl-Email,Quadratisch

1171 360.536.000,"Duschenwanne Laufen Pro Superflach 100 x 90 x 3,3 cm auch für flächenbündigen Einbau, Ablaufabdeckung Edelstahl lackiert in Wannenfarbe, abnehmbar Ablaufloch Ø 90 mm Ablauf Schmalseite Mitte Mineralwerkstoff Marbond Oberfläche mit Struktur Weiss matt",Laufen,100 x 90,Stahl-Email,Rechteckig

1171 402.536.000,"Duschenwanne Laufen Pro Superflach 200 x 100 x 3,6 cm auch für flächenbündigen Einbau, Ablaufabdeckung Edelstahl lackiert in Wannenfarbe, abnehmbar Ablaufloch Ø 90 mm Ablauf Längsseite Mitte Mineralwerkstoff Marbond Oberfläche mit Struktur Weiss matt",Laufen,200 x 100,Stahl-Email,Rechteckig

1171 392.536.000,"Duschenwanne Laufen Pro Superflach 160 x 75 x 3,2 cm auch für flächenbündigen Einbau, Ablaufabdeckung Edelstahl lackiert in Wannenfarbe, abnehmbar Ablaufloch Ø 90 mm Ablauf Längsseite Mitte Mineralwerkstoff Marbond Oberfläche mit Struktur Weiss matt",Laufen,160 x 75,Stahl-Email,Rechteckig

1171 374.536.000,"Duschenwanne Laufen Pro Superflach 150 x 80 x 4,2 cm auch für flächenbündigen Einbau, Ablaufabdeckung Edelstahl lackiert in Wannenfarbe, abnehmbar Ablaufloch Ø 90 mm Ablauf Schmalseite Mitte Mineralwerkstoff Marbond Oberfläche mit Struktur Weiss matt",Laufen,150 x 80,Stahl-Email,Rechteckig

1171 390.536.000,"Duschenwanne Laufen Pro Superflach 140 x 100 x 3 cm auch für flächenbündigen Einbau, Ablaufabdeckung Edelstahl lackiert in Wannenfarbe, abnehmbar Ablaufloch Ø 90 mm Ablauf Längsseite Mitte Mineralwerkstoff Marbond Oberfläche mit Struktur Weiss matt",Laufen,140 x 100,Stahl-Email,Rechteckig

1171 371.536.000,"Duschenwanne Laufen Pro Superflach, 140 x 80 x 4,2 cm, auch für flächenbündigen Einbau geeignet, Ablaufabdeckung Edelstahl lackiert in Wannenfarbe, abnehmbar, Ablaufloch Ø 90 mm, Mineralwerkstoff Marbond Oberfläche mit Struktur Weiss matt",Laufen,140 x 80,Stahl-Email,Rechteckig

1311 182.536.000,"Duschenwanne Laufen Pro Superflach 100 x 70 x 3,3 cm auch für flächenbündigen Einbau, Ablaufabdeckung Edelstahl, abnehmbar Ablaufloch Ø 90 mm Ablauf Schmalseite Mitte Mineralwerkstoff Marbond Oberfläche mit Struktur Weiss matt",Laufen,100 x 70,Stahl-Email,Rechteckig

1171 362.536.000,"Duschenwanne Laufen Pro Superflach 110 x 90 x 3,3 cm auch für flächenbündigen Einbau, Ablaufabdeckung Edelstahl lackiert in Wannenfarbe, abnehmbar Ablaufloch Ø 90 mm Ablauf Schmalseite Mitte Mineralwerkstoff Marbond Oberfläche mit Struktur Weiss matt",Laufen,110 x 90,Stahl-Email,Rechteckig

1171 413.536.000,"Duschenwanne Laufen Pro Superflach, 200 x 100 x 4,6 cm, Ablauf Schmalseite Mitte, auch für flächenbündigen Einbau geeignet, Ablaufabdeckung Edelstahl lackiert in Wannenfarbe, abnehmbar, Ablaufloch Ø 90 mm, Mineralwerkstoff Marbond Oberfläche mit Struktur Weiss matt",Laufen,200 x 100,Stahl-Email,Rechteckig

1171 370.536.000,"Duschenwanne Laufen Pro Superflach 140 x 70 x 3,8 cm auch für flächenbündigen Einbau, Ablaufabdeckung Edelstahl lackiert in Wannenfarbe, abnehmbar Ablaufloch Ø 90 mm Ablauf Schmalseite Mitte Mineralwerkstoff Marbond Oberfläche mit Struktur Weiss matt",Laufen,140 x 70,Stahl-Email,Rechteckig

1171 395.536.000,"Duschenwanne Laufen Pro Superflach 160 x 100 x 3,3 cm auch für flächenbündigen Einbau, Ablaufabdeckung Edelstahl lackiert in Wannenfarbe, abnehmbar Ablaufloch Ø 90 mm Ablauf Längsseite Mitte Mineralwerkstoff Marbond Oberfläche mit Struktur Weiss matt",Laufen,160 x 100,Stahl-Email,Rechteckig

1171 363.536.000,"Duschenwanne Laufen Pro Superflach, 120 x 70 x 3,8 cm, auch für flächenbündigen Einbau geeignet, Ablaufabdeckung Edelstahl lackiert in Wannenfarbe, abnehmbar, Ablaufloch Ø 90 mm, Mineralwerkstoff Marbond Oberfläche mit Struktur Weiss matt",Laufen,120 x 70,Stahl-Email,Rechteckig

1171 379.536.000,"Duschenwanne Laufen Pro Superflach 160 x 90 x 4,2 cm auch für flächenbündigen Einbau, Ablaufabdeckung Edelstahl lackiert in Wannenfarbe, abnehmbar Ablaufloch Ø 90 mm Ablauf Schmalseite Mitte Mineralwerkstoff Marbond Oberfläche mit Struktur Weiss matt",Laufen,160 x 90,Stahl-Email,Rechteckig

1171 376.536.000,"Duschenwanne Laufen Pro Superflach 160 x 70 x 4,2 cm auch für flächenbündigen Einbau, Ablaufabdeckung Edelstahl lackiert in Wannenfarbe, abnehmbar Ablaufloch Ø 90 mm Ablauf Schmalseite Mitte Mineralwerkstoff Marbond Oberfläche mit Struktur Weiss matt",Laufen,160 x 70,Stahl-Email,Rechteckig

1171 389.536.000,"Duschenwanne Laufen Pro Superflach 140 x 90 x 3 cm auch für flächenbündigen Einbau, Ablaufabdeckung Edelstahl lackiert in Wannenfarbe, abnehmbar Ablaufloch Ø 90 mm Ablauf Längsseite Mitte Mineralwerkstoff Marbond Oberfläche mit Struktur Weiss matt",Laufen,140 x 90,Stahl-Email,Rechteckig

1171 394.536.000,"Duschenwanne Laufen Pro Superflach 160 x 90 x 3,3 cm auch für flächenbündigen Einbau, Ablaufabdeckung Edelstahl lackiert in Wannenfarbe, abnehmbar Ablaufloch Ø 90 mm Ablauf Längsseite Mitte Mineralwerkstoff Marbond Oberfläche mit Struktur Weiss matt",Laufen,160 x 90,Stahl-Email,Rechteckig

1171 393.536.000,"Duschenwanne Laufen Pro Superflach 160 x 80 x 3,2 cm auch für flächenbündigen Einbau, Ablaufabdeckung Edelstahl lackiert in Wannenfarbe, abnehmbar Ablaufloch Ø 90 mm Ablauf Längsseite Mitte Mineralwerkstoff Marbond Oberfläche mit Struktur Weiss matt",Laufen,160 x 80,Stahl-Email,Rechteckig

1171 368.536.000,"Duschenwanne Laufen Pro Superflach 130 x 80 x 4,2 cm auch für flächenbündigen Einbau, Ablaufabdeckung Edelstahl lackiert in Wannenfarbe, abnehmbar Ablaufloch Ø 90 mm Ablauf Schmalseite Mitte Mineralwerkstoff Marbond Oberfläche mit Struktur Weiss matt",Laufen,130 x 80,Stahl-Email,Rechteckig

1171 377.536.000,"Duschenwanne Laufen Pro Superflach 160 x 75 x 4,2 cm auch für flächenbündigen Einbau, Ablaufabdeckung Edelstahl lackiert in Wannenfarbe, abnehmbar Ablaufloch Ø 90 mm Ablauf Schmalseite Mitte Mineralwerkstoff Marbond Oberfläche mit Struktur Weiss matt",Laufen,160 x 75,Stahl-Email,Rechteckig

1311 181.536.000,"Duschenwanne Laufen Pro Superflach 90 x 70 x 3,3 cm auch für flächenbündigen Einbau, Ablaufabdeckung Edelstahl, abnehmbar Ablaufloch Ø 90 mm Ablauf Schmalseite Mitte Mineralwerkstoff Marbond Oberfläche mit Struktur Weiss matt",Laufen,90 x 70,Stahl-Email,Rechteckig

1171 354.536.000,"Duschenwanne Laufen Pro Superflach, 90 x 90 x 3 cm, auch für flächenbündigen Einbau geeignet, Ablaufabdeckung Edelstahl lackiert in Wannenfarbe, abnehmbar, Ablaufloch Ø 90 mm, Mineralwerkstoff Marbond Oberfläche mit Struktur Weiss matt",Laufen,90 x 90,Stahl-Email,Quadratisch

1171 399.536.000,"Duschenwanne Laufen Pro Superflach 180 x 90 x 3,4 cm auch für flächenbündigen Einbau, Ablaufabdeckung Edelstahl lackiert in Wannenfarbe, abnehmbar Ablaufloch Ø 90 mm Ablauf Längsseite Mitte Mineralwerkstoff Marbond Oberfläche mit Struktur Weiss matt",Laufen,180 x 90,Stahl-Email,Rechteckig

1171 397.536.000,"Duschenwanne Laufen Pro Superflach 180 x 75 x 3,3 cm auch für flächenbündigen Einbau, Ablaufabdeckung Edelstahl lackiert in Wannenfarbe, abnehmbar Ablaufloch Ø 90 mm Ablauf Längsseite Mitte Mineralwerkstoff Marbond Oberfläche mit Struktur Weiss matt",Laufen,180 x 75,Stahl-Email,Rechteckig

1171 359.536.000,"Duschenwanne Laufen Pro Superflach, 100 x 80 x 3,3 cm, auch für flächenbündigen Einbau geeignet, Ablaufabdeckung Edelstahl lackiert in Wannenfarbe, abnehmbar, Ablaufloch Ø 90 mm, Mineralwerkstoff Marbond Oberfläche mit Struktur Weiss matt",Laufen,100 x 80,Stahl-Email,Rechteckig

1171 387.536.000,"Duschenwanne Laufen Pro Superflach 140 x 70 x 3 cm auch für flächenbündigen Einbau, Ablaufabdeckung Edelstahl lackiert in Wannenfarbe, abnehmbar Ablaufloch Ø 90 mm Ablauf Längsseite Mitte Mineralwerkstoff Marbond Oberfläche mit Struktur Weiss matt",Laufen,140 x 70,Stahl-Email,Rechteckig

1171 396.536.000,"Duschenwanne Laufen Pro Superflach 180 x 70 x 3,3 cm auch für flächenbündigen Einbau, Ablaufabdeckung Edelstahl lackiert in Wannenfarbe, abnehmbar Ablaufloch Ø 90 mm Ablauf Längsseite Mitte Mineralwerkstoff Marbond Oberfläche mit Struktur Weiss matt",Laufen,180 x 70,Stahl-Email,Rechteckig

1171 400.536.000,"Duschenwanne Laufen Pro Superflach 180 x 100 x 3,4 cm auch für flächenbündigen Einbau, Ablaufabdeckung Edelstahl lackiert in Wannenfarbe, abnehmbar Ablaufloch Ø 90 mm Ablauf Längsseite Mitte Mineralwerkstoff Marbond Oberfläche mit Struktur Weiss matt",Laufen,180 x 100,Stahl-Email,Rechteckig

1171 372.536.000,"Duschenwanne Laufen Pro Superflach 140 x 90 x 4,2 cm auch für flächenbündigen Einbau, Ablaufabdeckung Edelstahl lackiert in Wannenfarbe, abnehmbar Ablaufloch Ø 90 mm Ablauf Schmalseite Mitte Mineralwerkstoff Marbond Oberfläche mit Struktur Weiss matt",Laufen,140 x 90,Stahl-Email,Rechteckig

1171 388.536.000,"Duschenwanne Laufen Pro Superflach 140 x 80 x 3 cm auch für flächenbündigen Einbau, Ablaufabdeckung Edelstahl lackiert in Wannenfarbe, abnehmbar Ablaufloch Ø 90 mm Ablauf Längsseite Mitte Mineralwerkstoff Marbond Oberfläche mit Struktur Weiss matt",Laufen,140 x 80,Stahl-Email,Rechteckig

1171 357.536.000,"Duschenwanne Laufen Pro Superflach 140 x 140 x 4 cm auch für flächenbündigen Einbau, Ablaufabdeckung Edelstahl lackiert in Wannenfarbe, abnehmbar Ablaufloch Ø 90 mm Ablauf Längsseite Mitte Mineralwerkstoff Marbond Oberfläche mit Struktur Weiss matt",Laufen,140 x 140,Stahl-Email,Quadratisch

1171 386.536.000,"Duschenwanne Laufen Pro Superflach, 90 x 80 x 3 cm, auch für flächenbündigen Einbau geeignet, Ablaufabdeckung Edelstahl lackiert in Wannenfarbe, abnehmbar, Ablaufloch Ø 90 mm, Mineralwerkstoff Marbond Oberfläche mit Struktur Weiss matt",Laufen,90 x 80,Stahl-Email,Rechteckig

1171 401.536.000,"Duschenwanne Laufen Pro Superflach 200 x 90 x 3,6 cm auch für flächenbündigen Einbau, Ablaufabdeckung Edelstahl lackiert in Wannenfarbe, abnehmbar Ablaufloch Ø 90 mm Ablauf Längsseite Mitte Mineralwerkstoff Marbond Oberfläche mit Struktur Weiss matt",Laufen,200 x 90,Stahl-Email,Rechteckig

1171 361.536.000,"Duschenwanne Laufen Pro Superflach 110 x 80 x 3,3 cm auch für flächenbündigen Einbau, Ablaufabdeckung Edelstahl lackiert in Wannenfarbe, abnehmbar Ablaufloch Ø 90 mm Ablauf Schmalseite Mitte Mineralwerkstoff Marbond Oberfläche mit Struktur Weiss matt",Laufen,110 x 80,Stahl-Email,Rechteckig

1171 375.536.000,"Duschenwanne Laufen Pro Superflach 150 x 90 x 4,2 cm auch für flächenbündigen Einbau, Ablaufabdeckung Edelstahl lackiert in Wannenfarbe, abnehmbar Ablaufloch Ø 90 mm Ablauf Schmalseite Mitte Mineralwerkstoff Marbond Oberfläche mit Struktur Weiss matt",Laufen,150 x 90,Stahl-Email,Rechteckig

1171 385.536.000,"Duschenwanne Laufen Pro Superflach 180 x 90 x 4,6 cm auch für flächenbündigen Einbau, Ablaufabdeckung Edelstahl lackiert in Wannenfarbe, abnehmbar Ablaufloch Ø 90 mm Ablauf Schmalseite Mitte Mineralwerkstoff Marbond Oberfläche mit Struktur Weiss matt",Laufen,180 x 90,Stahl-Email,Rechteckig

1171 384.536.000,"Duschenwanne Laufen Pro Superflach, 180 x 80 x 4,6 cm, auch für flächenbündigen Einbau geeignet, Ablaufabdeckung Edelstahl lackiert in Wannenfarbe, abnehmbar, Ablaufloch Ø 90 mm, Mineralwerkstoff Marbond Oberfläche mit Struktur Weiss matt",Laufen,180 x 80,Stahl-Email,Rechteckig

1171 369.536.000,"Duschenwanne Laufen Pro Superflach 130 x 90 x 4,2 cm auch für flächenbündigen Einbau, Ablaufabdeckung Edelstahl lackiert in Wannenfarbe, abnehmbar Ablaufloch Ø 90 mm Ablauf Schmalseite Mitte Mineralwerkstoff Marbond Oberfläche mit Struktur Weiss matt",Laufen,130 x 90,Stahl-Email,Rechteckig

1171 367.536.000,"Duschenwanne Laufen Pro Superflach 130 x 70 x 3,8 cm auch für flächenbündigen Einbau, Ablaufabdeckung Edelstahl lackiert in Wannenfarbe, abnehmbar Ablaufloch Ø 90 mm Ablauf Schmalseite Mitte Mineralwerkstoff Marbond Oberfläche mit Struktur Weiss matt",Laufen,130 x 70,Stahl-Email,Rechteckig

1171 355.536.000,"Duschenwanne Laufen Pro Superflach 100 x 100 x 3,3 cm auch für flächenbündigen Einbau, Ablaufabdeckung Edelstahl lackiert in Wannenfarbe, abnehmbar Ablaufloch Ø 90 mm Ablauf Längsseite Mitte Mineralwerkstoff Marbond Oberfläche mit Struktur Weiss matt",Laufen,100 x 100,Stahl-Email,Quadratisch

1171 380.536.000,"Duschenwanne Laufen Pro Superflach, 170 x 70 x 4,6 cm, auch für flächenbündigen Einbau geeignet, Ablaufabdeckung Edelstahl lackiert in Wannenfarbe, abnehmbar, Ablaufloch Ø 90 mm, Mineralwerkstoff Marbond Oberfläche mit Struktur Weiss matt",Laufen,170 x 70,Stahl-Email,Rechteckig

1171 383.536.000,"Duschenwanne Laufen Pro Superflach 180 x 75 x 4,6 cm auch für flächenbündigen Einbau, Ablaufabdeckung Edelstahl lackiert in Wannenfarbe, abnehmbar Ablaufloch Ø 90 mm Ablauf Schmalseite Mitte Mineralwerkstoff Marbond Oberfläche mit Struktur Weiss matt",Laufen,180 x 75,Stahl-Email,Rechteckig

1171 373.536.000,"Duschenwanne Laufen Pro Superflach 150 x 70 x 4,2 cm auch für flächenbündigen Einbau, Ablaufabdeckung Edelstahl lackiert in Wannenfarbe, abnehmbar Ablaufloch Ø 90 mm Ablauf Schmalseite Mitte Mineralwerkstoff Marbond Oberfläche mit Struktur Weiss matt",Laufen,150 x 70,Stahl-Email,Rechteckig

1171 391.536.000,"Duschenwanne Laufen Pro Superflach 160 x 70 x 3,2 cm auch für flächenbündigen Einbau, Ablaufabdeckung Edelstahl lackiert in Wannenfarbe, abnehmbar Ablaufloch Ø 90 mm Ablauf Längsseite Mitte Mineralwerkstoff Marbond Oberfläche mit Struktur Weiss matt",Laufen,160 x 70,Stahl-Email,Rechteckig

1171 358.536.000,"Duschenwanne Laufen Pro Superflach 150 x 150 x 4 cm auch für flächenbündigen Einbau, Ablaufabdeckung Edelstahl lackiert in Wannenfarbe, abnehmbar Ablaufloch Ø 90 mm Ablauf Längsseite Mitte Mineralwerkstoff Marbond Oberfläche mit Struktur Weiss matt",Laufen,150 x 150,Stahl-Email,Quadratisch

1171 353.536.000,"Duschenwanne Laufen Pro Superflach, 80 x 80 x 2,9 cm, auch für flächenbündigen Einbau geeignet, Ablaufabdeckung Edelstahl lackiert in Wannenfarbe, abnehmbar, Ablaufloch Ø 90 mm, Mineralwerkstoff Marbond Oberfläche mit Struktur Weiss matt",Laufen,80 x 80,Stahl-Email,Quadratisch

1171 414.536.000,"Duschenwanne Laufen Pro Superflach, 170 x 90 x 4,6 cm, auch für flächenbündigen Einbau geeignet, Ablaufabdeckung Edelstahl lackiert in Wannenfarbe, abnehmbar, Ablaufloch Ø 90 mm, Mineralwerkstoff Marbond Oberfläche mit Struktur Weiss matt",Laufen,170 x 90,Stahl-Email,Rechteckig

1171 382.536.000,"Duschenwanne Laufen Pro Superflach, 170 x 80 x 4,6 cm, auch für flächenbündigen Einbau geeignet, Ablaufabdeckung Edelstahl lackiert in Wannenfarbe, abnehmbar, Ablaufloch Ø 90 mm, Mineralwerkstoff Marbond Oberfläche mit Struktur Weiss matt",Laufen,170 x 80,Stahl-Email,Rechteckig

1171 366.536.000,"Duschenwanne Laufen Pro Superflach 120 x 100 x 3,3 cm auch für flächenbündigen Einbau, Ablaufabdeckung Edelstahl lackiert in Wannenfarbe, abnehmbar Ablaufloch Ø 90 mm Ablauf Schmalseite Mitte Mineralwerkstoff Marbond Oberfläche mit Struktur Weiss matt",Laufen,120 x 100,Stahl-Email,Rechteckig

1171 364.536.000,"Duschenwanne Laufen Pro Superflach, 120 x 80 x 3,3 cm, auch für flächenbündigen Einbau geeignet, Ablaufabdeckung Edelstahl lackiert in Wannenfarbe, abnehmbar, Ablaufloch Ø 90 mm, Mineralwerkstoff Marbond Oberfläche mit Struktur Weiss matt",Laufen,120 x 80,Stahl-Email,Rechteckig

1171 381.536.000,"Duschenwanne Laufen Pro Superflach 170 x 75 x 4,6 cm auch für flächenbündigen Einbau, Ablaufabdeckung Edelstahl lackiert in Wannenfarbe, abnehmbar Ablaufloch Ø 90 mm Ablauf Schmalseite Mitte Mineralwerkstoff Marbond Oberfläche mit Struktur Weiss matt",Laufen,170 x 75,Stahl-Email,Rechteckig

1425 544.536.000,"Duschenwanne Laufen Pro S Superflach, 1000 x 800 x 28 mm, Mineralwerkstoff Marbond, linearer Ablauf an kurzer Seite, auch für flächenbündigen Einbau geeignet, Ablaufabdeckung Marbond abnehmbar, Oberfläche mit Struktur Weiss matt",Laufen,100 x 80,Marbond,Rechteckig

1425 549.536.000,"Duschenwanne Laufen Pro S Superflach, 1300 x 900 x 32 mm, Mineralwerkstoff Marbond, linearer Ablauf an kurzer Seite, auch für flächenbündigen Einbau geeignet, Ablaufabdeckung Marbond abnehmbar, Oberfläche mit Struktur Weiss matt",Laufen,130 x 90,Marbond,Rechteckig

1425 577.536.000,"Duschenwanne Laufen Pro S Superflach, 1600 x 1000 x 34 mm, Mineralwerkstoff Marbond, linearer Ablauf an kurzer Seite, auch für flächenbündigen Einbau geeignet, Ablaufabdeckung Marbond abnehmbar, Oberfläche mit Struktur Weiss matt",Laufen,160 x 100,Marbond,Rechteckig

1425 550.536.000,"Duschenwanne Laufen Pro S Superflach, 1400 x 800 x 32 mm, Mineralwerkstoff Marbond, linearer Ablauf an kurzer Seite, auch für flächenbündigen Einbau geeignet, Ablaufabdeckung Marbond abnehmbar, Oberfläche mit Struktur Weiss matt",Laufen,140 x 80,Marbond,Rechteckig

1425 553.536.000,"Duschenwanne Laufen Pro S Superflach, 1500 x 900 x 34 mm, Mineralwerkstoff Marbond, linearer Ablauf an kurzer Seite, auch für flächenbündigen Einbau geeignet, Ablaufabdeckung Marbond abnehmbar, Oberfläche mit Struktur Weiss matt",Laufen,150 x 90,Marbond,Rechteckig

1425 546.536.000,"Duschenwanne Laufen Pro S Superflach, 1200 x 800 x 30 mm, Mineralwerkstoff Marbond, linearer Ablauf an kurzer Seite, auch für flächenbündigen Einbau geeignet, Ablaufabdeckung Marbond abnehmbar, Oberfläche mit Struktur Weiss matt",Laufen,120 x 80,Marbond,Rechteckig

1425 559.536.000,"Duschenwanne Laufen Pro S Superflach, 2000 x 800 x 38 mm, Mineralwerkstoff Marbond, linearer Ablauf an kurzer Seite, auch für flächenbündigen Einbau geeignet, Ablaufabdeckung Marbond abnehmbar, Oberfläche mit Struktur Weiss matt",Laufen,200 x 80,Marbond,Rechteckig

1425 575.536.000,"Duschenwanne Laufen Pro S Superflach, 1200 x 1000 x 30 mm, Mineralwerkstoff Marbond, linearer Ablauf an kurzer Seite, auch für flächenbündigen Einbau geeignet, Ablaufabdeckung Marbond abnehmbar, Oberfläche mit Struktur Weiss matt",Laufen,120 x 100,Marbond,Rechteckig

1425 551.536.000,"Duschenwanne Laufen Pro S Superflach, 1400 x 900 x 32 mm, Mineralwerkstoff Marbond, linearer Ablauf an kurzer Seite, auch für flächenbündigen Einbau geeignet, Ablaufabdeckung Marbond abnehmbar, Oberfläche mit Struktur Weiss matt",Laufen,140 x 90,Marbond,Rechteckig

1425 548.536.000,"Duschenwanne Laufen Pro S Superflach, 1300 x 800 x 32 mm, Mineralwerkstoff Marbond, linearer Ablauf an kurzer Seite, auch für flächenbündigen Einbau geeignet, Ablaufabdeckung Marbond abnehmbar, Oberfläche mit Struktur Weiss matt",Laufen,130 x 80,Marbond,Rechteckig

1425 576.536.000,"Duschenwanne Laufen Pro S Superflach, 1400 x 1000 x 32 mm, Mineralwerkstoff Marbond, linearer Ablauf an kurzer Seite, auch für flächenbündigen Einbau geeignet, Ablaufabdeckung Marbond abnehmbar, Oberfläche mit Struktur Weiss matt",Laufen,140 x 100,Marbond,Rechteckig

1425 556.536.000,"Duschenwanne Laufen Pro S Superflach, 1700 x 750 x 36 mm, Mineralwerkstoff Marbond, linearer Ablauf an kurzer Seite, auch für flächenbündigen Einbau geeignet, Ablaufabdeckung Marbond abnehmbar, Oberfläche mit Struktur Weiss matt",Laufen,170 x 75,Marbond,Rechteckig

1425 560.536.000,"Duschenwanne Laufen Pro S Superflach, 2000 x 1000 x 38 mm, Mineralwerkstoff Marbond, linearer Ablauf an kurzer Seite, auch für flächenbündigen Einbau geeignet, Ablaufabdeckung Marbond abnehmbar, Oberfläche mit Struktur Weiss matt",Laufen,200 x 100,Marbond,Rechteckig

1425 578.536.000,"Duschenwanne Laufen Pro S Superflach, 1200 x 1200 x 30 mm, Mineralwerkstoff Marbond, linearer Ablauf an kurzer Seite, auch für flächenbündigen Einbau geeignet, Ablaufabdeckung Marbond abnehmbar, Oberfläche mit Struktur Weiss matt",Laufen,120 x 120,Marbond,Quadratisch

1425 558.536.000,"Duschenwanne Laufen Pro S Superflach, 1800 x 900 x 36 mm, Mineralwerkstoff Marbond, linearer Ablauf an kurzer Seite, auch für flächenbündigen Einbau geeignet, Ablaufabdeckung Marbond abnehmbar, Oberfläche mit Struktur Weiss matt",Laufen,180 x 90,Marbond,Rechteckig

1425 547.536.000,"Duschenwanne Laufen Pro S Superflach, 1200 x 900 x 30 mm, Mineralwerkstoff Marbond, linearer Ablauf an kurzer Seite, auch für flächenbündigen Einbau geeignet, Ablaufabdeckung Marbond abnehmbar, Oberfläche mit Struktur Weiss matt",Laufen,120 x 90,Marbond,Rechteckig

1425 543.536.000,"Duschenwanne Laufen Pro S Superflach, 900 x 900 x 28 mm, Mineralwerkstoff Marbond, linearer Ablauf, auch für flächenbündigen Einbau geeignet, Ablaufabdeckung Marbond abnehmbar, Oberfläche mit Struktur Weiss matt",Laufen,90 x 90,Marbond,Quadratisch

1425 555.536.000,"Duschenwanne Laufen Pro S Superflach, 1600 x 900 x 34 mm, Mineralwerkstoff Marbond, linearer Ablauf an kurzer Seite, auch für flächenbündigen Einbau geeignet, Ablaufabdeckung Marbond abnehmbar, Oberfläche mit Struktur Weiss matt",Laufen,160 x 90,Marbond,Rechteckig

1425 554.536.000,"Duschenwanne Laufen Pro S Superflach, 1600 x 800 x 34 mm, Mineralwerkstoff Marbond, linearer Ablauf an kurzer Seite, auch für flächenbündigen Einbau geeignet, Ablaufabdeckung Marbond abnehmbar, Oberfläche mit Struktur Weiss matt",Laufen,160 x 80,Marbond,Rechteckig

1425 552.536.000,"Duschenwanne Laufen Pro S Superflach, 1500 x 800 x 34 mm, Mineralwerkstoff Marbond, linearer Ablauf an kurzer Seite, auch für flächenbündigen Einbau geeignet, Ablaufabdeckung Marbond abnehmbar, Oberfläche mit Struktur Weiss matt",Laufen,150 x 80,Marbond,Rechteckig

1425 574.536.000,"Duschenwanne Laufen Pro S Superflach, 1000 x 1000 x 30 mm, Mineralwerkstoff Marbond, linearer Ablauf an kurzer Seite, auch für flächenbündigen Einbau geeignet, Ablaufabdeckung Marbond abnehmbar, Oberfläche mit Struktur Weiss matt",Laufen,100 x 100,Marbond,Quadratisch

1425 545.536.000,"Duschenwanne Laufen Pro S Superflach, 1000 x 900 x 28 mm, Mineralwerkstoff Marbond, linearer Ablauf an kurzer Seite, auch für flächenbündigen Einbau geeignet, Ablaufabdeckung Marbond abnehmbar, Oberfläche mit Struktur Weiss matt",Laufen,100 x 90,Marbond,Rechteckig

1425 557.536.000,"Duschenwanne Laufen Pro S Superflach, 1800 x 800 x 36 mm, Mineralwerkstoff Marbond, linearer Ablauf an kurzer Seite, auch für flächenbündigen Einbau geeignet, Ablaufabdeckung Marbond abnehmbar, Oberfläche mit Struktur Weiss matt",Laufen,180 x 80,Marbond,Rechteckig